org_id,year,is_action_included,acre_feet
13,2021,FALSE,59713
13,2021,TRUE,59713
22,2021,FALSE,10700
22,2021,TRUE,10700
23,2021,FALSE,13132
23,2021,TRUE,13132
30,2021,FALSE,-245
30,2021,TRUE,0
55,2021,FALSE,11035
55,2021,TRUE,11035
57,2021,FALSE,-631
57,2021,TRUE,0
64,2021,FALSE,0
64,2021,TRUE,0
66,2021,FALSE,144
66,2021,TRUE,144
79,2021,FALSE,-14980
79,2021,TRUE,0
82,2021,FALSE,230
82,2021,TRUE,230
87,2021,FALSE,-211
87,2021,TRUE,0
93,2021,FALSE,-156
93,2021,TRUE,0
94,2021,FALSE,743
94,2021,TRUE,743
99,2021,FALSE,0
99,2021,TRUE,0
102,2021,FALSE,0
102,2021,TRUE,106
107,2021,FALSE,0
107,2021,TRUE,0
110,2021,FALSE,0
110,2021,TRUE,0
117,2021,FALSE,12512
117,2021,TRUE,12512
123,2021,FALSE,0
123,2021,TRUE,0
124,2021,FALSE,0
124,2021,TRUE,0
129,2021,FALSE,642
129,2021,TRUE,1528
159,2021,FALSE,-8404
159,2021,TRUE,0
167,2021,FALSE,12051
167,2021,TRUE,12051
170,2021,FALSE,2274
170,2021,TRUE,2274
178,2021,FALSE,7496
178,2021,TRUE,7496
193,2021,FALSE,0
193,2021,TRUE,0
197,2021,FALSE,0
197,2021,TRUE,0
198,2021,FALSE,969
198,2021,TRUE,969
241,2021,FALSE,3476
241,2021,TRUE,3818
262,2021,FALSE,173
262,2021,TRUE,173
263,2021,FALSE,0
263,2021,TRUE,0
264,2021,FALSE,2250
264,2021,TRUE,2250
283,2021,FALSE,0
283,2021,TRUE,0
285,2021,FALSE,0
285,2021,TRUE,0
286,2021,FALSE,0
286,2021,TRUE,0
351,2021,FALSE,80604
351,2021,TRUE,80604
353,2021,FALSE,460
353,2021,TRUE,706
368,2021,FALSE,0
368,2021,TRUE,0
369,2021,FALSE,-212
369,2021,TRUE,0
372,2021,FALSE,31169
372,2021,TRUE,31169
373,2021,FALSE,644
373,2021,TRUE,644
376,2021,FALSE,3128
376,2021,TRUE,3128
384,2021,FALSE,0
384,2021,TRUE,0
386,2021,FALSE,0
386,2021,TRUE,0
387,2021,FALSE,0
387,2021,TRUE,0
388,2021,FALSE,0
388,2021,TRUE,0
390,2021,FALSE,0
390,2021,TRUE,0
391,2021,FALSE,0
391,2021,TRUE,0
392,2021,FALSE,0
392,2021,TRUE,0
396,2021,FALSE,0
396,2021,TRUE,0
397,2021,FALSE,0
397,2021,TRUE,0
398,2021,FALSE,0
398,2021,TRUE,0
401,2021,FALSE,0
401,2021,TRUE,0
402,2021,FALSE,0
402,2021,TRUE,0
405,2021,FALSE,0
405,2021,TRUE,0
420,2021,FALSE,0
420,2021,TRUE,0
412,2021,FALSE,0
412,2021,TRUE,0
413,2021,FALSE,0
413,2021,TRUE,0
416,2021,FALSE,0
416,2021,TRUE,0
417,2021,FALSE,0
417,2021,TRUE,0
421,2021,FALSE,0
421,2021,TRUE,0
422,2021,FALSE,0
422,2021,TRUE,0
424,2021,FALSE,0
424,2021,TRUE,0
427,2021,FALSE,0
427,2021,TRUE,0
428,2021,FALSE,0
428,2021,TRUE,0
429,2021,FALSE,0
429,2021,TRUE,0
433,2021,FALSE,27500
433,2021,TRUE,27500
443,2021,FALSE,1520
443,2021,TRUE,1520
445,2021,FALSE,145
445,2021,TRUE,145
467,2021,FALSE,11077
467,2021,TRUE,11077
478,2021,FALSE,0
478,2021,TRUE,0
481,2021,FALSE,31409
481,2021,TRUE,31409
485,2021,FALSE,1667
485,2021,TRUE,2467
495,2021,FALSE,-3899
495,2021,TRUE,0
1050,2021,FALSE,-187
1050,2021,TRUE,0
510,2021,FALSE,48890
510,2021,TRUE,48890
514,2021,FALSE,0
514,2021,TRUE,0
522,2021,FALSE,622
522,2021,TRUE,622
524,2021,FALSE,-70
524,2021,TRUE,0
545,2021,FALSE,-303
545,2021,TRUE,0
546,2021,FALSE,0
546,2021,TRUE,0
547,2021,FALSE,13360
547,2021,TRUE,13360
2979,2021,FALSE,2656
2979,2021,TRUE,2656
561,2021,FALSE,0
561,2021,TRUE,0
572,2021,FALSE,-29
572,2021,TRUE,33
574,2021,FALSE,10366
574,2021,TRUE,11641
575,2021,FALSE,0
575,2021,TRUE,0
577,2021,FALSE,0
577,2021,TRUE,0
578,2021,FALSE,244
578,2021,TRUE,244
583,2021,FALSE,78
583,2021,TRUE,78
596,2021,FALSE,1542
596,2021,TRUE,1542
607,2021,FALSE,611
607,2021,TRUE,611
613,2021,FALSE,33400
613,2021,TRUE,33400
618,2021,FALSE,306
618,2021,TRUE,306
624,2021,FALSE,5097
624,2021,TRUE,5097
644,2021,FALSE,-46
644,2021,TRUE,0
649,2021,FALSE,0
649,2021,TRUE,0
651,2021,FALSE,1812
651,2021,TRUE,1812
654,2021,FALSE,5590
654,2021,TRUE,5590
664,2021,FALSE,951
664,2021,TRUE,951
673,2021,FALSE,608
673,2021,TRUE,608
678,2021,FALSE,7309
678,2021,TRUE,7309
699,2021,FALSE,223547
699,2021,TRUE,223547
711,2021,FALSE,0
711,2021,TRUE,0
727,2021,FALSE,0
727,2021,TRUE,0
731,2021,FALSE,914
731,2021,TRUE,914
737,2021,FALSE,0
737,2021,TRUE,0
739,2021,FALSE,1375
739,2021,TRUE,1375
2998,2021,FALSE,0
2998,2021,TRUE,0
748,2021,FALSE,135
748,2021,TRUE,135
759,2021,FALSE,0
759,2021,TRUE,0
775,2021,FALSE,0
775,2021,TRUE,0
784,2021,FALSE,0
784,2021,TRUE,0
785,2021,FALSE,0
785,2021,TRUE,0
787,2021,FALSE,0
787,2021,TRUE,0
793,2021,FALSE,3076
793,2021,TRUE,3076
794,2021,FALSE,0
794,2021,TRUE,0
814,2021,FALSE,0
814,2021,TRUE,0
816,2021,FALSE,25020
816,2021,TRUE,25020
821,2021,FALSE,0
821,2021,TRUE,0
827,2021,FALSE,-148
827,2021,TRUE,0
830,2021,FALSE,0
830,2021,TRUE,0
835,2021,FALSE,5850
835,2021,TRUE,5850
842,2021,FALSE,9510
842,2021,TRUE,9510
851,2021,FALSE,0
851,2021,TRUE,0
856,2021,FALSE,40
856,2021,TRUE,40
859,2021,FALSE,1561
859,2021,TRUE,1561
866,2021,FALSE,13002
866,2021,TRUE,13002
867,2021,FALSE,4989
867,2021,TRUE,4989
873,2021,FALSE,0
873,2021,TRUE,0
890,2021,FALSE,1935
890,2021,TRUE,1935
904,2021,FALSE,16578
904,2021,TRUE,16578
909,2021,FALSE,3088
909,2021,TRUE,3088
920,2021,FALSE,0
920,2021,TRUE,0
924,2021,FALSE,0
924,2021,TRUE,0
934,2021,FALSE,55995
934,2021,TRUE,55995
967,2021,FALSE,0
967,2021,TRUE,0
972,2021,FALSE,0
972,2021,TRUE,0
977,2021,FALSE,0
977,2021,TRUE,0
990,2021,FALSE,2690
990,2021,TRUE,6147
995,2021,FALSE,9010
995,2021,TRUE,9010
1004,2021,FALSE,4763
1004,2021,TRUE,4763
1005,2021,FALSE,-231
1005,2021,TRUE,0
1029,2021,FALSE,0
1029,2021,TRUE,0
1030,2021,FALSE,14808
1030,2021,TRUE,14808
1031,2021,FALSE,0
1031,2021,TRUE,0
1032,2021,FALSE,0
1032,2021,TRUE,0
1034,2021,FALSE,-1180
1034,2021,TRUE,0
1036,2021,FALSE,0
1036,2021,TRUE,0
1038,2021,FALSE,0
1038,2021,TRUE,0
1041,2021,FALSE,0
1041,2021,TRUE,0
1049,2021,FALSE,0
1049,2021,TRUE,0
1052,2021,FALSE,0
1052,2021,TRUE,0
1053,2021,FALSE,0
1053,2021,TRUE,0
1054,2021,FALSE,161
1054,2021,TRUE,161
1057,2021,FALSE,0
1057,2021,TRUE,0
1058,2021,FALSE,0
1058,2021,TRUE,0
1059,2021,FALSE,0
1059,2021,TRUE,0
1060,2021,FALSE,0
1060,2021,TRUE,0
1062,2021,FALSE,0
1062,2021,TRUE,0
1068,2021,FALSE,4225
1068,2021,TRUE,4225
1083,2021,FALSE,265
1083,2021,TRUE,265
1094,2021,FALSE,7130
1094,2021,TRUE,7130
1109,2021,FALSE,-6
1109,2021,TRUE,0
1110,2021,FALSE,0
1110,2021,TRUE,0
1125,2021,FALSE,2502
1125,2021,TRUE,2502
1142,2021,FALSE,0
1142,2021,TRUE,0
1143,2021,FALSE,0
1143,2021,TRUE,0
1144,2021,FALSE,33
1144,2021,TRUE,33
1154,2021,FALSE,8291
1154,2021,TRUE,8291
1157,2021,FALSE,-61
1157,2021,TRUE,0
1166,2021,FALSE,0
1166,2021,TRUE,0
1167,2021,FALSE,0
1167,2021,TRUE,0
1181,2021,FALSE,426
1181,2021,TRUE,426
1188,2021,FALSE,-669
1188,2021,TRUE,0
1209,2021,FALSE,71368
1209,2021,TRUE,71368
1210,2021,FALSE,523
1210,2021,TRUE,523
1215,2021,FALSE,0
1215,2021,TRUE,0
1217,2021,FALSE,433
1217,2021,TRUE,900
1225,2021,FALSE,0
1225,2021,TRUE,106
1234,2021,FALSE,13230
1234,2021,TRUE,13230
1236,2021,FALSE,0
1236,2021,TRUE,0
1238,2021,FALSE,3033
1238,2021,TRUE,3033
1239,2021,FALSE,48153
1239,2021,TRUE,48153
1245,2021,FALSE,68363
1245,2021,TRUE,68363
1270,2021,FALSE,0
1270,2021,TRUE,0
1273,2021,FALSE,0
1273,2021,TRUE,0
1286,2021,FALSE,-135
1286,2021,TRUE,0
1288,2021,FALSE,-2982
1288,2021,TRUE,0
1324,2021,FALSE,0
1324,2021,TRUE,0
1327,2021,FALSE,0
1327,2021,TRUE,0
1333,2021,FALSE,790
1333,2021,TRUE,790
1335,2021,FALSE,0
1335,2021,TRUE,0
1343,2021,FALSE,1187
1343,2021,TRUE,1260
1352,2021,FALSE,0
1352,2021,TRUE,692
1368,2021,FALSE,0
1368,2021,TRUE,0
1370,2021,FALSE,2692
1370,2021,TRUE,2692
1371,2021,FALSE,960
1371,2021,TRUE,960
1384,2021,FALSE,0
1384,2021,TRUE,0
1388,2021,FALSE,5062
1388,2021,TRUE,5062
1869,2021,FALSE,-154
1869,2021,TRUE,0
1424,2021,FALSE,0
1424,2021,TRUE,0
1425,2021,FALSE,1590
1425,2021,TRUE,1590
1427,2021,FALSE,12599
1427,2021,TRUE,15389
1432,2021,FALSE,0
1432,2021,TRUE,0
1443,2021,FALSE,0
1443,2021,TRUE,0
1444,2021,FALSE,148
1444,2021,TRUE,148
1450,2021,FALSE,3884
1450,2021,TRUE,3884
1452,2021,FALSE,871
1452,2021,TRUE,871
1456,2021,FALSE,1712
1456,2021,TRUE,1941
1459,2021,FALSE,8056
1459,2021,TRUE,8056
1464,2021,FALSE,25572
1464,2021,TRUE,25572
1473,2021,FALSE,0
1473,2021,TRUE,0
1481,2021,FALSE,-688
1481,2021,TRUE,0
1484,2021,FALSE,22480
1484,2021,TRUE,22480
1487,2021,FALSE,0
1487,2021,TRUE,0
1506,2021,FALSE,2447
1506,2021,TRUE,2447
1510,2021,FALSE,0
1510,2021,TRUE,1037
1533,2021,FALSE,-290
1533,2021,TRUE,166
1536,2021,FALSE,-78
1536,2021,TRUE,0
1539,2021,FALSE,2765
1539,2021,TRUE,2765
1546,2021,FALSE,45227
1546,2021,TRUE,45227
1547,2021,FALSE,7365
1547,2021,TRUE,7365
1554,2021,FALSE,0
1554,2021,TRUE,0
3056,2021,FALSE,720
3056,2021,TRUE,720
1570,2021,FALSE,497
1570,2021,TRUE,497
1587,2021,FALSE,0
1587,2021,TRUE,0
1589,2021,FALSE,0
1589,2021,TRUE,0
1596,2021,FALSE,0
1596,2021,TRUE,0
1599,2021,FALSE,-432000
1599,2021,TRUE,0
1605,2021,FALSE,0
1605,2021,TRUE,0
1613,2021,FALSE,0
1613,2021,TRUE,42
1619,2021,FALSE,-118
1619,2021,TRUE,-118
1626,2021,FALSE,0
1626,2021,TRUE,0
1631,2021,FALSE,26688
1631,2021,TRUE,26688
1632,2021,FALSE,0
1632,2021,TRUE,0
1635,2021,FALSE,6983
1635,2021,TRUE,6983
1639,2021,FALSE,-50
1639,2021,TRUE,0
1642,2021,FALSE,-864
1642,2021,TRUE,0
1644,2021,FALSE,857
1644,2021,TRUE,857
1645,2021,FALSE,-482
1645,2021,TRUE,0
1650,2021,FALSE,-100
1650,2021,TRUE,0
1656,2021,FALSE,11322
1656,2021,TRUE,11322
1660,2021,FALSE,2013
1660,2021,TRUE,2013
1663,2021,FALSE,0
1663,2021,TRUE,0
4231,2021,FALSE,0
4231,2021,TRUE,0
1671,2021,FALSE,0
1671,2021,TRUE,0
1684,2021,FALSE,0
1684,2021,TRUE,0
1697,2021,FALSE,0
1697,2021,TRUE,0
1701,2021,FALSE,-513
1701,2021,TRUE,0
1718,2021,FALSE,-942
1718,2021,TRUE,0
1729,2021,FALSE,190
1729,2021,TRUE,190
1730,2021,FALSE,0
1730,2021,TRUE,0
1731,2021,FALSE,205
1731,2021,TRUE,205
1732,2021,FALSE,7900
1732,2021,TRUE,7900
1739,2021,FALSE,101.09000000000003
1739,2021,TRUE,101.09000000000003
1748,2021,FALSE,6595
1748,2021,TRUE,6595
1752,2021,FALSE,0
1752,2021,TRUE,0
1756,2021,FALSE,1630
1756,2021,TRUE,1630
1765,2021,FALSE,0
1765,2021,TRUE,0
1777,2021,FALSE,0
1777,2021,TRUE,0
1782,2021,FALSE,13936.2
1782,2021,TRUE,13936.2
1792,2021,FALSE,5088
1792,2021,TRUE,5088
1793,2021,FALSE,0
1793,2021,TRUE,0
1795,2021,FALSE,-2696
1795,2021,TRUE,0
1797,2021,FALSE,0
1797,2021,TRUE,0
1803,2021,FALSE,0
1803,2021,TRUE,0
1804,2021,FALSE,1
1804,2021,TRUE,1
1821,2021,FALSE,0
1821,2021,TRUE,0
1827,2021,FALSE,0
1827,2021,TRUE,0
1838,2021,FALSE,0
1838,2021,TRUE,0
1849,2021,FALSE,-2960
1849,2021,TRUE,1310
1851,2021,FALSE,0
1851,2021,TRUE,0
1859,2021,FALSE,10936
1859,2021,TRUE,10936
1866,2021,FALSE,53
1866,2021,TRUE,53
1873,2021,FALSE,790
1873,2021,TRUE,1028
1875,2021,FALSE,0
1875,2021,TRUE,0
1877,2021,FALSE,1039
1877,2021,TRUE,1039
1894,2021,FALSE,0
1894,2021,TRUE,0
1896,2021,FALSE,0
1896,2021,TRUE,0
1899,2021,FALSE,48890
1899,2021,TRUE,48890
1900,2021,FALSE,-13
1900,2021,TRUE,0
1923,2021,FALSE,425
1923,2021,TRUE,425
1925,2021,FALSE,2266
1925,2021,TRUE,2266
1927,2021,FALSE,114092
1927,2021,TRUE,114092
1940,2021,FALSE,0
1940,2021,TRUE,0
1945,2021,FALSE,-1714
1945,2021,TRUE,0
1953,2021,FALSE,0
1953,2021,TRUE,0
1954,2021,FALSE,3275
1954,2021,TRUE,3275
1956,2021,FALSE,4144
1956,2021,TRUE,4144
1964,2021,FALSE,0
1964,2021,TRUE,0
1983,2021,FALSE,0
1983,2021,TRUE,0
1990,2021,FALSE,4297
1990,2021,TRUE,4297
1996,2021,FALSE,507
1996,2021,TRUE,507
2000,2021,FALSE,14891
2000,2021,TRUE,14891
2031,2021,FALSE,0
2031,2021,TRUE,0
2033,2021,FALSE,3246
2033,2021,TRUE,3246
2035,2021,FALSE,4439
2035,2021,TRUE,4439
2037,2021,FALSE,0
2037,2021,TRUE,0
2042,2021,FALSE,0
2042,2021,TRUE,0
2049,2021,FALSE,1543
2049,2021,TRUE,1543
2057,2021,FALSE,0
2057,2021,TRUE,0
2060,2021,FALSE,0
2060,2021,TRUE,0
2063,2021,FALSE,0
2063,2021,TRUE,0
2074,2021,FALSE,11431
2074,2021,TRUE,11743
2083,2021,FALSE,37992
2083,2021,TRUE,37992
2087,2021,FALSE,711
2087,2021,TRUE,711
2103,2021,FALSE,3721
2103,2021,TRUE,3721
2107,2021,FALSE,0
2107,2021,TRUE,0
2111,2021,FALSE,25107
2111,2021,TRUE,25107
2115,2021,FALSE,214
2115,2021,TRUE,214
2118,2021,FALSE,0
2118,2021,TRUE,0
2119,2021,FALSE,555
2119,2021,TRUE,555
2122,2021,FALSE,0
2122,2021,TRUE,0
2130,2021,FALSE,209091
2130,2021,TRUE,209091
2132,2021,FALSE,62518
2132,2021,TRUE,62518
2140,2021,FALSE,2325
2140,2021,TRUE,2325
2146,2021,FALSE,0
2146,2021,TRUE,0
2149,2021,FALSE,-669
2149,2021,TRUE,0
2150,2021,FALSE,7171
2150,2021,TRUE,7171
2154,2021,FALSE,0
2154,2021,TRUE,0
2891,2021,FALSE,0
2891,2021,TRUE,0
2156,2021,FALSE,0
2156,2021,TRUE,0
2157,2021,FALSE,1142864
2157,2021,TRUE,1142864
2158,2021,FALSE,714
2158,2021,TRUE,714
2159,2021,FALSE,0
2159,2021,TRUE,0
2160,2021,FALSE,0
2160,2021,TRUE,0
2161,2021,FALSE,237400
2161,2021,TRUE,237400
2162,2021,FALSE,0
2162,2021,TRUE,0
2163,2021,FALSE,699
2163,2021,TRUE,699
2164,2021,FALSE,0
2164,2021,TRUE,0
2165,2021,FALSE,-58
2165,2021,TRUE,0
3994,2021,FALSE,-12818
3994,2021,TRUE,-12818
2167,2021,FALSE,-719
2167,2021,TRUE,0
2166,2021,FALSE,0
2166,2021,TRUE,0
2168,2021,FALSE,0
2168,2021,TRUE,0
2169,2021,FALSE,-83
2169,2021,TRUE,0
2174,2021,FALSE,0
2174,2021,TRUE,0
2175,2021,FALSE,0
2175,2021,TRUE,0
2179,2021,FALSE,4990
2179,2021,TRUE,4990
2180,2021,FALSE,0
2180,2021,TRUE,0
2182,2021,FALSE,3684
2182,2021,TRUE,3684
2184,2021,FALSE,0
2184,2021,TRUE,0
2205,2021,FALSE,225
2205,2021,TRUE,225
2207,2021,FALSE,0
2207,2021,TRUE,0
2209,2021,FALSE,34880
2209,2021,TRUE,34880
2210,2021,FALSE,12795
2210,2021,TRUE,12795
2211,2021,FALSE,23500
2211,2021,TRUE,30000
4993,2021,FALSE,-6490
4993,2021,TRUE,15570
2213,2021,FALSE,0
2213,2021,TRUE,0
2214,2021,FALSE,46
2214,2021,TRUE,46
2215,2021,FALSE,73
2215,2021,TRUE,73
2217,2021,FALSE,15606
2217,2021,TRUE,15606
2218,2021,FALSE,0
2218,2021,TRUE,0
2220,2021,FALSE,-184
2220,2021,TRUE,2702
2222,2021,FALSE,2330
2222,2021,TRUE,2330
2224,2021,FALSE,3445
2224,2021,TRUE,3445
2237,2021,FALSE,169
2237,2021,TRUE,169
2241,2021,FALSE,0
2241,2021,TRUE,0
2251,2021,FALSE,0
2251,2021,TRUE,0
2260,2021,FALSE,17
2260,2021,TRUE,200
2273,2021,FALSE,-1567
2273,2021,TRUE,1372
2290,2021,FALSE,-22
2290,2021,TRUE,0
2298,2021,FALSE,91
2298,2021,TRUE,91
2323,2021,FALSE,145791
2323,2021,TRUE,145791
2326,2021,FALSE,1049
2326,2021,TRUE,1049
2328,2021,FALSE,0
2328,2021,TRUE,0
2330,2021,FALSE,0
2330,2021,TRUE,0
2334,2021,FALSE,0
2334,2021,TRUE,0
2337,2021,FALSE,63472
2337,2021,TRUE,63558
2341,2021,FALSE,3741
2341,2021,TRUE,3741
2343,2021,FALSE,0
2343,2021,TRUE,0
2345,2021,FALSE,-156
2345,2021,TRUE,0
2346,2021,FALSE,0
2346,2021,TRUE,0
2348,2021,FALSE,23626
2348,2021,TRUE,23626
2381,2021,FALSE,39919
2381,2021,TRUE,39919
2382,2021,FALSE,-58520
2382,2021,TRUE,0
2401,2021,FALSE,10047
2401,2021,TRUE,10047
2402,2021,FALSE,4786
2402,2021,TRUE,4786
2405,2021,FALSE,0
2405,2021,TRUE,0
2419,2021,FALSE,-381
2419,2021,TRUE,0
2424,2021,FALSE,-669
2424,2021,TRUE,0
2425,2021,FALSE,7296
2425,2021,TRUE,7296
2432,2021,FALSE,1715
2432,2021,TRUE,1715
2437,2021,FALSE,0
2437,2021,TRUE,0
2438,2021,FALSE,417
2438,2021,TRUE,525
2444,2021,FALSE,260
2444,2021,TRUE,260
1408,2021,FALSE,367
1408,2021,TRUE,367
2457,2021,FALSE,872
2457,2021,TRUE,972
NA,2021,FALSE,1
NA,2021,TRUE,8
NA,2021,FALSE,0
NA,2021,TRUE,0
440,2021,FALSE,99989.996
440,2021,TRUE,299989.996
2466,2021,FALSE,6071
2466,2021,TRUE,6071
2469,2021,FALSE,0
2469,2021,TRUE,0
2473,2021,FALSE,-3453
2473,2021,TRUE,0
2487,2021,FALSE,11618
2487,2021,TRUE,11618
2490,2021,FALSE,0
2490,2021,TRUE,0
2496,2021,FALSE,816
2496,2021,TRUE,816
2510,2021,FALSE,-80
2510,2021,TRUE,138
2512,2021,FALSE,5425
2512,2021,TRUE,5425
2516,2021,FALSE,-594
2516,2021,TRUE,0
2523,2021,FALSE,5772
2523,2021,TRUE,5772
2524,2021,FALSE,408
2524,2021,TRUE,408
2528,2021,FALSE,0
2528,2021,TRUE,0
2530,2021,FALSE,4385
2530,2021,TRUE,4385
2536,2021,FALSE,8453
2536,2021,TRUE,8761
2540,2021,FALSE,0
2540,2021,TRUE,0
2541,2021,FALSE,0
2541,2021,TRUE,0
2543,2021,FALSE,-5126
2543,2021,TRUE,-2073
2597,2021,FALSE,4457
2597,2021,TRUE,7168
2602,2021,FALSE,0
2602,2021,TRUE,0
2603,2021,FALSE,6940
2603,2021,TRUE,6940
2604,2021,FALSE,0
2604,2021,TRUE,0
2605,2021,FALSE,39
2605,2021,TRUE,39
2610,2021,FALSE,594
2610,2021,TRUE,594
2618,2021,FALSE,919
2618,2021,TRUE,919
2626,2021,FALSE,3709
2626,2021,TRUE,4209
2629,2021,FALSE,3651
2629,2021,TRUE,3651
2631,2021,FALSE,921
2631,2021,TRUE,921
2633,2021,FALSE,1139
2633,2021,TRUE,1139
2635,2021,FALSE,0
2635,2021,TRUE,0
2649,2021,FALSE,0
2649,2021,TRUE,0
2661,2021,FALSE,2207
2661,2021,TRUE,2207
2662,2021,FALSE,825
2662,2021,TRUE,825
2667,2021,FALSE,-1040
2667,2021,TRUE,0
2669,2021,FALSE,13326
2669,2021,TRUE,13326
2675,2021,FALSE,0
2675,2021,TRUE,0
2679,2021,FALSE,-12694
2679,2021,TRUE,0
2683,2021,FALSE,16539
2683,2021,TRUE,16539
2690,2021,FALSE,3427
2690,2021,TRUE,3427
2691,2021,FALSE,0
2691,2021,TRUE,0
2697,2021,FALSE,6052
2697,2021,TRUE,6052
2704,2021,FALSE,0
2704,2021,TRUE,0
2723,2021,FALSE,151
2723,2021,TRUE,151
2751,2021,FALSE,-1234
2751,2021,TRUE,0
2766,2021,FALSE,23467
2766,2021,TRUE,23467
4811,2021,FALSE,13672
4811,2021,TRUE,13672
2782,2021,FALSE,0
2782,2021,TRUE,0
2789,2021,FALSE,5129
2789,2021,TRUE,5129
2790,2021,FALSE,8481
2790,2021,TRUE,8481
2793,2021,FALSE,45882
2793,2021,TRUE,45882
13,2022,FALSE,59991
13,2022,TRUE,59991
22,2022,FALSE,10600
22,2022,TRUE,10600
23,2022,FALSE,12975
23,2022,TRUE,12975
30,2022,FALSE,-502
30,2022,TRUE,0
55,2022,FALSE,10993
55,2022,TRUE,10993
57,2022,FALSE,-944
57,2022,TRUE,0
64,2022,FALSE,0
64,2022,TRUE,0
66,2022,FALSE,140
66,2022,TRUE,140
79,2022,FALSE,11930
79,2022,TRUE,11930
82,2022,FALSE,213
82,2022,TRUE,213
87,2022,FALSE,-389
87,2022,TRUE,0
93,2022,FALSE,-329
93,2022,TRUE,0
94,2022,FALSE,737
94,2022,TRUE,737
99,2022,FALSE,0
99,2022,TRUE,0
102,2022,FALSE,0
102,2022,TRUE,211
107,2022,FALSE,0
107,2022,TRUE,0
110,2022,FALSE,0
110,2022,TRUE,0
117,2022,FALSE,11223
117,2022,TRUE,11223
123,2022,FALSE,-4757
123,2022,TRUE,0
124,2022,FALSE,0
124,2022,TRUE,0
129,2022,FALSE,88
129,2022,TRUE,1030
159,2022,FALSE,-5638
159,2022,TRUE,0
167,2022,FALSE,-402
167,2022,TRUE,0
170,2022,FALSE,1492
170,2022,TRUE,1492
178,2022,FALSE,7792
178,2022,TRUE,7792
193,2022,FALSE,0
193,2022,TRUE,0
197,2022,FALSE,0
197,2022,TRUE,0
198,2022,FALSE,964
198,2022,TRUE,964
241,2022,FALSE,3323
241,2022,TRUE,3681
262,2022,FALSE,345
262,2022,TRUE,345
263,2022,FALSE,0
263,2022,TRUE,0
264,2022,FALSE,2200
264,2022,TRUE,2200
283,2022,FALSE,0
283,2022,TRUE,0
285,2022,FALSE,0
285,2022,TRUE,0
286,2022,FALSE,0
286,2022,TRUE,0
351,2022,FALSE,77965
351,2022,TRUE,77965
353,2022,FALSE,343
353,2022,TRUE,601
368,2022,FALSE,0
368,2022,TRUE,0
369,2022,FALSE,-2969
369,2022,TRUE,0
372,2022,FALSE,31144
372,2022,TRUE,31144
373,2022,FALSE,667
373,2022,TRUE,667
376,2022,FALSE,2821
376,2022,TRUE,2821
384,2022,FALSE,0
384,2022,TRUE,0
386,2022,FALSE,0
386,2022,TRUE,0
387,2022,FALSE,0
387,2022,TRUE,0
388,2022,FALSE,0
388,2022,TRUE,0
390,2022,FALSE,0
390,2022,TRUE,0
391,2022,FALSE,0
391,2022,TRUE,0
392,2022,FALSE,0
392,2022,TRUE,0
396,2022,FALSE,0
396,2022,TRUE,0
397,2022,FALSE,0
397,2022,TRUE,0
398,2022,FALSE,0
398,2022,TRUE,0
401,2022,FALSE,0
401,2022,TRUE,0
402,2022,FALSE,0
402,2022,TRUE,0
405,2022,FALSE,0
405,2022,TRUE,0
420,2022,FALSE,0
420,2022,TRUE,0
412,2022,FALSE,0
412,2022,TRUE,0
413,2022,FALSE,0
413,2022,TRUE,0
416,2022,FALSE,0
416,2022,TRUE,0
417,2022,FALSE,0
417,2022,TRUE,0
421,2022,FALSE,0
421,2022,TRUE,0
422,2022,FALSE,0
422,2022,TRUE,0
424,2022,FALSE,0
424,2022,TRUE,0
427,2022,FALSE,0
427,2022,TRUE,0
428,2022,FALSE,0
428,2022,TRUE,0
429,2022,FALSE,0
429,2022,TRUE,0
433,2022,FALSE,27500
433,2022,TRUE,27500
443,2022,FALSE,5479
443,2022,TRUE,5479
445,2022,FALSE,153
445,2022,TRUE,153
467,2022,FALSE,11077
467,2022,TRUE,11077
478,2022,FALSE,0
478,2022,TRUE,0
481,2022,FALSE,13421
481,2022,TRUE,13421
485,2022,FALSE,-800
485,2022,TRUE,0
495,2022,FALSE,-3899
495,2022,TRUE,0
1050,2022,FALSE,-187
1050,2022,TRUE,0
510,2022,FALSE,48670
510,2022,TRUE,48670
514,2022,FALSE,0
514,2022,TRUE,0
522,2022,FALSE,532
522,2022,TRUE,532
524,2022,FALSE,-447
524,2022,TRUE,0
545,2022,FALSE,-505
545,2022,TRUE,0
546,2022,FALSE,0
546,2022,TRUE,0
547,2022,FALSE,13137
547,2022,TRUE,13137
2979,2022,FALSE,2609
2979,2022,TRUE,2609
561,2022,FALSE,0
561,2022,TRUE,0
572,2022,FALSE,-41
572,2022,TRUE,24
574,2022,FALSE,7772
574,2022,TRUE,10391
575,2022,FALSE,0
575,2022,TRUE,0
577,2022,FALSE,0
577,2022,TRUE,0
578,2022,FALSE,251
578,2022,TRUE,251
583,2022,FALSE,-113
583,2022,TRUE,0
596,2022,FALSE,1559
596,2022,TRUE,1559
607,2022,FALSE,610
607,2022,TRUE,610
613,2022,FALSE,24900
613,2022,TRUE,24900
618,2022,FALSE,432
618,2022,TRUE,432
624,2022,FALSE,2815
624,2022,TRUE,2815
644,2022,FALSE,-99
644,2022,TRUE,0
649,2022,FALSE,0
649,2022,TRUE,0
651,2022,FALSE,1803
651,2022,TRUE,1803
654,2022,FALSE,18260
654,2022,TRUE,18260
664,2022,FALSE,-401
664,2022,TRUE,0
673,2022,FALSE,589
673,2022,TRUE,589
678,2022,FALSE,7309
678,2022,TRUE,7309
699,2022,FALSE,282769
699,2022,TRUE,282769
711,2022,FALSE,0
711,2022,TRUE,0
727,2022,FALSE,0
727,2022,TRUE,0
731,2022,FALSE,819
731,2022,TRUE,819
737,2022,FALSE,-175
737,2022,TRUE,0
739,2022,FALSE,1301
739,2022,TRUE,1301
2998,2022,FALSE,0
2998,2022,TRUE,0
748,2022,FALSE,-346
748,2022,TRUE,0
759,2022,FALSE,0
759,2022,TRUE,0
775,2022,FALSE,-24820
775,2022,TRUE,0
784,2022,FALSE,0
784,2022,TRUE,0
785,2022,FALSE,0
785,2022,TRUE,0
787,2022,FALSE,0
787,2022,TRUE,0
793,2022,FALSE,3119
793,2022,TRUE,3119
794,2022,FALSE,0
794,2022,TRUE,14900
814,2022,FALSE,0
814,2022,TRUE,0
816,2022,FALSE,20390
816,2022,TRUE,20390
821,2022,FALSE,0
821,2022,TRUE,0
827,2022,FALSE,376
827,2022,TRUE,376
830,2022,FALSE,0
830,2022,TRUE,0
835,2022,FALSE,5720
835,2022,TRUE,5720
842,2022,FALSE,8334
842,2022,TRUE,8334
851,2022,FALSE,0
851,2022,TRUE,0
856,2022,FALSE,46
856,2022,TRUE,46
859,2022,FALSE,1555
859,2022,TRUE,1555
866,2022,FALSE,12738
866,2022,TRUE,12738
867,2022,FALSE,6843
867,2022,TRUE,6843
873,2022,FALSE,0
873,2022,TRUE,0
890,2022,FALSE,2869
890,2022,TRUE,2869
904,2022,FALSE,16074
904,2022,TRUE,16074
909,2022,FALSE,3072
909,2022,TRUE,3072
920,2022,FALSE,0
920,2022,TRUE,0
924,2022,FALSE,0
924,2022,TRUE,0
934,2022,FALSE,56621
934,2022,TRUE,56621
967,2022,FALSE,0
967,2022,TRUE,0
972,2022,FALSE,0
972,2022,TRUE,0
977,2022,FALSE,0
977,2022,TRUE,0
990,2022,FALSE,2671
990,2022,TRUE,6128
995,2022,FALSE,9986
995,2022,TRUE,9986
1004,2022,FALSE,-10582
1004,2022,TRUE,0
1005,2022,FALSE,-593
1005,2022,TRUE,0
1029,2022,FALSE,0
1029,2022,TRUE,0
1030,2022,FALSE,14070
1030,2022,TRUE,14070
1031,2022,FALSE,0
1031,2022,TRUE,0
1032,2022,FALSE,0
1032,2022,TRUE,0
1034,2022,FALSE,-1316
1034,2022,TRUE,0
1036,2022,FALSE,0
1036,2022,TRUE,0
1038,2022,FALSE,0
1038,2022,TRUE,0
1041,2022,FALSE,0
1041,2022,TRUE,0
1049,2022,FALSE,0
1049,2022,TRUE,0
1052,2022,FALSE,0
1052,2022,TRUE,0
1053,2022,FALSE,0
1053,2022,TRUE,0
1054,2022,FALSE,189
1054,2022,TRUE,189
1057,2022,FALSE,0
1057,2022,TRUE,0
1058,2022,FALSE,0
1058,2022,TRUE,0
1059,2022,FALSE,0
1059,2022,TRUE,0
1060,2022,FALSE,0
1060,2022,TRUE,0
1062,2022,FALSE,0
1062,2022,TRUE,0
1068,2022,FALSE,3094
1068,2022,TRUE,4910
1083,2022,FALSE,454
1083,2022,TRUE,454
1094,2022,FALSE,7102
1094,2022,TRUE,7102
1109,2022,FALSE,-14
1109,2022,TRUE,0
1110,2022,FALSE,0
1110,2022,TRUE,0
1125,2022,FALSE,2412
1125,2022,TRUE,2412
1142,2022,FALSE,0
1142,2022,TRUE,0
1143,2022,FALSE,0
1143,2022,TRUE,0
1144,2022,FALSE,17
1144,2022,TRUE,17
1154,2022,FALSE,5475
1154,2022,TRUE,5475
1157,2022,FALSE,-128
1157,2022,TRUE,0
1166,2022,FALSE,0
1166,2022,TRUE,0
1167,2022,FALSE,0
1167,2022,TRUE,0
1181,2022,FALSE,316
1181,2022,TRUE,316
1188,2022,FALSE,-681
1188,2022,TRUE,0
1209,2022,FALSE,56005
1209,2022,TRUE,56005
1210,2022,FALSE,519
1210,2022,TRUE,519
1215,2022,FALSE,0
1215,2022,TRUE,0
1217,2022,FALSE,312
1217,2022,TRUE,791
1225,2022,FALSE,0
1225,2022,TRUE,113
1234,2022,FALSE,13190
1234,2022,TRUE,13190
1236,2022,FALSE,0
1236,2022,TRUE,0
1238,2022,FALSE,2970
1238,2022,TRUE,2970
1239,2022,FALSE,44708
1239,2022,TRUE,44708
1245,2022,FALSE,71013
1245,2022,TRUE,73663
1270,2022,FALSE,-111
1270,2022,TRUE,-111
1273,2022,FALSE,2927
1273,2022,TRUE,2927
1286,2022,FALSE,-201
1286,2022,TRUE,0
1288,2022,FALSE,-2982
1288,2022,TRUE,0
1324,2022,FALSE,0
1324,2022,TRUE,0
1327,2022,FALSE,0
1327,2022,TRUE,0
1333,2022,FALSE,-444
1333,2022,TRUE,222
1335,2022,FALSE,0
1335,2022,TRUE,0
1343,2022,FALSE,955.6000000000001
1343,2022,TRUE,1027.6000000000001
1352,2022,FALSE,0
1352,2022,TRUE,721
1368,2022,FALSE,0
1368,2022,TRUE,0
1370,2022,FALSE,2705
1370,2022,TRUE,2705
1371,2022,FALSE,1343
1371,2022,TRUE,1343
1384,2022,FALSE,0
1384,2022,TRUE,0
1388,2022,FALSE,4529
1388,2022,TRUE,4529
1869,2022,FALSE,-308
1869,2022,TRUE,0
1424,2022,FALSE,0
1424,2022,TRUE,0
1425,2022,FALSE,1584
1425,2022,TRUE,1584
1427,2022,FALSE,12498
1427,2022,TRUE,15288
1432,2022,FALSE,0
1432,2022,TRUE,0
1443,2022,FALSE,0
1443,2022,TRUE,0
1444,2022,FALSE,24
1444,2022,TRUE,24
1450,2022,FALSE,2998
1450,2022,TRUE,3355
1452,2022,FALSE,885
1452,2022,TRUE,885
1456,2022,FALSE,1655
1456,2022,TRUE,1890
1459,2022,FALSE,7536
1459,2022,TRUE,7536
1464,2022,FALSE,26967
1464,2022,TRUE,26967
1473,2022,FALSE,0
1473,2022,TRUE,0
1481,2022,FALSE,3083
1481,2022,TRUE,3083
1484,2022,FALSE,21110
1484,2022,TRUE,21110
1487,2022,FALSE,0
1487,2022,TRUE,0
1506,2022,FALSE,2270
1506,2022,TRUE,2270
1510,2022,FALSE,0
1510,2022,TRUE,2240
1533,2022,FALSE,-383
1533,2022,TRUE,85
1536,2022,FALSE,-159
1536,2022,TRUE,0
1539,2022,FALSE,3274
1539,2022,TRUE,3274
1546,2022,FALSE,49423
1546,2022,TRUE,49423
1547,2022,FALSE,7188
1547,2022,TRUE,7188
1554,2022,FALSE,0
1554,2022,TRUE,0
3056,2022,FALSE,704
3056,2022,TRUE,704
1570,2022,FALSE,494
1570,2022,TRUE,494
1587,2022,FALSE,0
1587,2022,TRUE,0
1589,2022,FALSE,0
1589,2022,TRUE,0
1596,2022,FALSE,0
1596,2022,TRUE,0
1599,2022,FALSE,234000
1599,2022,TRUE,234000
1605,2022,FALSE,0
1605,2022,TRUE,0
1613,2022,FALSE,0
1613,2022,TRUE,42
1619,2022,FALSE,-348
1619,2022,TRUE,0
1626,2022,FALSE,0
1626,2022,TRUE,0
1631,2022,FALSE,21106
1631,2022,TRUE,21106
1632,2022,FALSE,0
1632,2022,TRUE,0
1635,2022,FALSE,0
1635,2022,TRUE,0
1639,2022,FALSE,-162
1639,2022,TRUE,0
1642,2022,FALSE,-1967
1642,2022,TRUE,0
1644,2022,FALSE,634
1644,2022,TRUE,634
1645,2022,FALSE,668
1645,2022,TRUE,668
1650,2022,FALSE,-332
1650,2022,TRUE,0
1656,2022,FALSE,12400
1656,2022,TRUE,12400
1660,2022,FALSE,2087
1660,2022,TRUE,2087
1663,2022,FALSE,0
1663,2022,TRUE,0
4231,2022,FALSE,-3518
4231,2022,TRUE,-3518
1671,2022,FALSE,0
1671,2022,TRUE,0
1684,2022,FALSE,0
1684,2022,TRUE,0
1697,2022,FALSE,0
1697,2022,TRUE,0
1701,2022,FALSE,-3386
1701,2022,TRUE,0
1718,2022,FALSE,-4371
1718,2022,TRUE,0
1729,2022,FALSE,112
1729,2022,TRUE,112
1730,2022,FALSE,0
1730,2022,TRUE,0
1731,2022,FALSE,191
1731,2022,TRUE,191
1732,2022,FALSE,7800
1732,2022,TRUE,7800
1739,2022,FALSE,128.97000000000003
1739,2022,TRUE,128.97000000000003
1748,2022,FALSE,6272
1748,2022,TRUE,6272
1752,2022,FALSE,0
1752,2022,TRUE,0
1756,2022,FALSE,1629
1756,2022,TRUE,1629
1765,2022,FALSE,0
1765,2022,TRUE,0
1777,2022,FALSE,0
1777,2022,TRUE,0
1782,2022,FALSE,13945.2
1782,2022,TRUE,13945.2
1792,2022,FALSE,5013
1792,2022,TRUE,5013
1793,2022,FALSE,0
1793,2022,TRUE,0
1795,2022,FALSE,-5408
1795,2022,TRUE,0
1797,2022,FALSE,0
1797,2022,TRUE,0
1803,2022,FALSE,0
1803,2022,TRUE,0
1804,2022,FALSE,57
1804,2022,TRUE,57
1821,2022,FALSE,0
1821,2022,TRUE,0
1827,2022,FALSE,0
1827,2022,TRUE,0
1838,2022,FALSE,0
1838,2022,TRUE,0
1849,2022,FALSE,6650
1849,2022,TRUE,6650
1851,2022,FALSE,0
1851,2022,TRUE,0
1859,2022,FALSE,12260
1859,2022,TRUE,12260
1866,2022,FALSE,-131
1866,2022,TRUE,0
1873,2022,FALSE,3468
1873,2022,TRUE,4779
1875,2022,FALSE,0
1875,2022,TRUE,0
1877,2022,FALSE,948
1877,2022,TRUE,948
1894,2022,FALSE,0
1894,2022,TRUE,0
1896,2022,FALSE,0
1896,2022,TRUE,0
1899,2022,FALSE,48670
1899,2022,TRUE,48670
1900,2022,FALSE,-25
1900,2022,TRUE,0
1923,2022,FALSE,135
1923,2022,TRUE,135
1925,2022,FALSE,2114
1925,2022,TRUE,2114
1927,2022,FALSE,111413
1927,2022,TRUE,111413
1940,2022,FALSE,0
1940,2022,TRUE,0
1945,2022,FALSE,-2654
1945,2022,TRUE,0
1953,2022,FALSE,0
1953,2022,TRUE,0
1954,2022,FALSE,3079
1954,2022,TRUE,3079
1956,2022,FALSE,4005
1956,2022,TRUE,4005
1964,2022,FALSE,0
1964,2022,TRUE,0
1983,2022,FALSE,0
1983,2022,TRUE,0
1990,2022,FALSE,4409
1990,2022,TRUE,4409
1996,2022,FALSE,510
1996,2022,TRUE,510
2000,2022,FALSE,11438
2000,2022,TRUE,11438
2031,2022,FALSE,0
2031,2022,TRUE,0
2033,2022,FALSE,3210
2033,2022,TRUE,3210
2035,2022,FALSE,4443
2035,2022,TRUE,4443
2037,2022,FALSE,0
2037,2022,TRUE,0
2042,2022,FALSE,0
2042,2022,TRUE,0
2049,2022,FALSE,1613
2049,2022,TRUE,1613
2057,2022,FALSE,0
2057,2022,TRUE,0
2060,2022,FALSE,0
2060,2022,TRUE,0
2063,2022,FALSE,0
2063,2022,TRUE,0
2074,2022,FALSE,11431
2074,2022,TRUE,11431
2083,2022,FALSE,31758
2083,2022,TRUE,31758
2087,2022,FALSE,720
2087,2022,TRUE,720
2103,2022,FALSE,3613
2103,2022,TRUE,3613
2107,2022,FALSE,-176
2107,2022,TRUE,1
2111,2022,FALSE,17154
2111,2022,TRUE,17154
2115,2022,FALSE,-214
2115,2022,TRUE,0
2118,2022,FALSE,0
2118,2022,TRUE,0
2119,2022,FALSE,549
2119,2022,TRUE,549
2122,2022,FALSE,0
2122,2022,TRUE,0
2130,2022,FALSE,206034
2130,2022,TRUE,206034
2132,2022,FALSE,50085
2132,2022,TRUE,50085
2140,2022,FALSE,2166
2140,2022,TRUE,2166
2146,2022,FALSE,0
2146,2022,TRUE,0
2149,2022,FALSE,-681
2149,2022,TRUE,0
2150,2022,FALSE,7383
2150,2022,TRUE,7383
2154,2022,FALSE,0
2154,2022,TRUE,0
2891,2022,FALSE,0
2891,2022,TRUE,0
2156,2022,FALSE,0
2156,2022,TRUE,0
2157,2022,FALSE,1106776
2157,2022,TRUE,1106776
2158,2022,FALSE,1752
2158,2022,TRUE,1752
2159,2022,FALSE,0
2159,2022,TRUE,0
2160,2022,FALSE,0
2160,2022,TRUE,0
2161,2022,FALSE,176377
2161,2022,TRUE,176377
2162,2022,FALSE,0
2162,2022,TRUE,0
2163,2022,FALSE,689
2163,2022,TRUE,689
2164,2022,FALSE,0
2164,2022,TRUE,0
2165,2022,FALSE,-292
2165,2022,TRUE,0
3994,2022,FALSE,-12874
3994,2022,TRUE,-12874
2167,2022,FALSE,-1480
2167,2022,TRUE,0
2166,2022,FALSE,0
2166,2022,TRUE,0
2168,2022,FALSE,0
2168,2022,TRUE,0
2169,2022,FALSE,-182
2169,2022,TRUE,0
2174,2022,FALSE,0
2174,2022,TRUE,0
2175,2022,FALSE,0
2175,2022,TRUE,0
2179,2022,FALSE,4720
2179,2022,TRUE,4720
2180,2022,FALSE,0
2180,2022,TRUE,0
2182,2022,FALSE,3629
2182,2022,TRUE,3629
2184,2022,FALSE,0
2184,2022,TRUE,0
2205,2022,FALSE,109
2205,2022,TRUE,109
2207,2022,FALSE,0
2207,2022,TRUE,0
2209,2022,FALSE,35220
2209,2022,TRUE,35220
2210,2022,FALSE,12836
2210,2022,TRUE,12836
2211,2022,FALSE,40000
2211,2022,TRUE,40000
4993,2022,FALSE,27780
4993,2022,TRUE,49840
2213,2022,FALSE,0
2213,2022,TRUE,0
2214,2022,FALSE,26
2214,2022,TRUE,26
2215,2022,FALSE,-48
2215,2022,TRUE,0
2217,2022,FALSE,13182
2217,2022,TRUE,13182
2218,2022,FALSE,0
2218,2022,TRUE,0
2220,2022,FALSE,-1196
2220,2022,TRUE,1903
2222,2022,FALSE,2173
2222,2022,TRUE,2173
2224,2022,FALSE,2861
2224,2022,TRUE,2861
2237,2022,FALSE,174
2237,2022,TRUE,174
2241,2022,FALSE,0
2241,2022,TRUE,0
2251,2022,FALSE,0
2251,2022,TRUE,0
2260,2022,FALSE,32
2260,2022,TRUE,236
2273,2022,FALSE,-1592
2273,2022,TRUE,1347
2290,2022,FALSE,-45
2290,2022,TRUE,0
2298,2022,FALSE,77
2298,2022,TRUE,77
2323,2022,FALSE,145917
2323,2022,TRUE,145917
2326,2022,FALSE,1042
2326,2022,TRUE,1042
2328,2022,FALSE,0
2328,2022,TRUE,0
2330,2022,FALSE,0
2330,2022,TRUE,0
2334,2022,FALSE,0
2334,2022,TRUE,0
2337,2022,FALSE,63472
2337,2022,TRUE,63615
2341,2022,FALSE,3737
2341,2022,TRUE,3737
2343,2022,FALSE,0
2343,2022,TRUE,0
2345,2022,FALSE,-320
2345,2022,TRUE,0
2346,2022,FALSE,0
2346,2022,TRUE,0
2348,2022,FALSE,19376
2348,2022,TRUE,19376
2381,2022,FALSE,30242
2381,2022,TRUE,30242
2382,2022,FALSE,-89661
2382,2022,TRUE,0
2401,2022,FALSE,8947
2401,2022,TRUE,8947
2402,2022,FALSE,5252
2402,2022,TRUE,5252
2405,2022,FALSE,0
2405,2022,TRUE,0
2419,2022,FALSE,-443
2419,2022,TRUE,0
2424,2022,FALSE,-681
2424,2022,TRUE,0
2425,2022,FALSE,7472
2425,2022,TRUE,7472
2432,2022,FALSE,1620
2432,2022,TRUE,1620
2437,2022,FALSE,0
2437,2022,TRUE,0
2438,2022,FALSE,561
2438,2022,TRUE,676
2444,2022,FALSE,264
2444,2022,TRUE,264
1408,2022,FALSE,400
1408,2022,TRUE,400
2457,2022,FALSE,859
2457,2022,TRUE,959
NA,2022,FALSE,1
NA,2022,TRUE,16
NA,2022,FALSE,-40000
NA,2022,TRUE,0
440,2022,FALSE,NA
440,2022,TRUE,NA
2466,2022,FALSE,6038
2466,2022,TRUE,6038
2469,2022,FALSE,0
2469,2022,TRUE,0
2473,2022,FALSE,50
2473,2022,TRUE,50
2487,2022,FALSE,11534
2487,2022,TRUE,11534
2490,2022,FALSE,0
2490,2022,TRUE,0
2496,2022,FALSE,2193
2496,2022,TRUE,2193
2510,2022,FALSE,-9
2510,2022,TRUE,212
2512,2022,FALSE,5394
2512,2022,TRUE,5394
2516,2022,FALSE,-338
2516,2022,TRUE,0
2523,2022,FALSE,5578
2523,2022,TRUE,5578
2524,2022,FALSE,217
2524,2022,TRUE,217
2528,2022,FALSE,0
2528,2022,TRUE,0
2530,2022,FALSE,4282
2530,2022,TRUE,4282
2536,2022,FALSE,8400
2536,2022,TRUE,8713
2540,2022,FALSE,0
2540,2022,TRUE,0
2541,2022,FALSE,0
2541,2022,TRUE,0
2543,2022,FALSE,-6282
2543,2022,TRUE,-4097
2597,2022,FALSE,2126
2597,2022,TRUE,5768
2602,2022,FALSE,0
2602,2022,TRUE,0
2603,2022,FALSE,4166
2603,2022,TRUE,4166
2604,2022,FALSE,0
2604,2022,TRUE,0
2605,2022,FALSE,416
2605,2022,TRUE,416
2610,2022,FALSE,502
2610,2022,TRUE,502
2618,2022,FALSE,908
2618,2022,TRUE,908
2626,2022,FALSE,2847
2626,2022,TRUE,3347
2629,2022,FALSE,2897
2629,2022,TRUE,2897
2631,2022,FALSE,1095
2631,2022,TRUE,1095
2633,2022,FALSE,1139
2633,2022,TRUE,1139
2635,2022,FALSE,0
2635,2022,TRUE,0
2649,2022,FALSE,0
2649,2022,TRUE,0
2661,2022,FALSE,1715
2661,2022,TRUE,1715
2662,2022,FALSE,806
2662,2022,TRUE,806
2667,2022,FALSE,-2263
2667,2022,TRUE,0
2669,2022,FALSE,NA
2669,2022,TRUE,NA
2675,2022,FALSE,0
2675,2022,TRUE,0
2679,2022,FALSE,-1551
2679,2022,TRUE,0
2683,2022,FALSE,15346
2683,2022,TRUE,15346
2690,2022,FALSE,3538
2690,2022,TRUE,3538
2691,2022,FALSE,0
2691,2022,TRUE,0
2697,2022,FALSE,5615
2697,2022,TRUE,5615
2704,2022,FALSE,0
2704,2022,TRUE,0
2723,2022,FALSE,98
2723,2022,TRUE,98
2751,2022,FALSE,-1228
2751,2022,TRUE,0
2766,2022,FALSE,21451
2766,2022,TRUE,21451
4811,2022,FALSE,2667
4811,2022,TRUE,2667
2782,2022,FALSE,0
2782,2022,TRUE,0
2789,2022,FALSE,5136
2789,2022,TRUE,5136
2790,2022,FALSE,6803
2790,2022,TRUE,6803
2793,2022,FALSE,46100
2793,2022,TRUE,46100
13,2023,FALSE,60224
13,2023,TRUE,60224
22,2023,FALSE,32400
22,2023,TRUE,32400
23,2023,FALSE,11961
23,2023,TRUE,11961
30,2023,FALSE,-745
30,2023,TRUE,0
55,2023,FALSE,10950
55,2023,TRUE,12917
57,2023,FALSE,-230
57,2023,TRUE,0
64,2023,FALSE,0
64,2023,TRUE,0
66,2023,FALSE,135
66,2023,TRUE,135
79,2023,FALSE,-17180
79,2023,TRUE,0
82,2023,FALSE,196
82,2023,TRUE,196
87,2023,FALSE,-594
87,2023,TRUE,0
93,2023,FALSE,-500
93,2023,TRUE,0
94,2023,FALSE,731
94,2023,TRUE,731
99,2023,FALSE,486
99,2023,TRUE,486
102,2023,FALSE,0
102,2023,TRUE,317
107,2023,FALSE,0
107,2023,TRUE,0
110,2023,FALSE,0
110,2023,TRUE,0
117,2023,FALSE,8704
117,2023,TRUE,8704
123,2023,FALSE,-7265
123,2023,TRUE,0
124,2023,FALSE,0
124,2023,TRUE,0
129,2023,FALSE,335
129,2023,TRUE,1252
159,2023,FALSE,-4679
159,2023,TRUE,1
167,2023,FALSE,-2887
167,2023,TRUE,0
170,2023,FALSE,-291
170,2023,TRUE,0
178,2023,FALSE,7781
178,2023,TRUE,7781
193,2023,FALSE,0
193,2023,TRUE,0
197,2023,FALSE,0
197,2023,TRUE,0
198,2023,FALSE,958
198,2023,TRUE,958
241,2023,FALSE,3471
241,2023,TRUE,3814
262,2023,FALSE,516
262,2023,TRUE,516
263,2023,FALSE,0
263,2023,TRUE,0
264,2023,FALSE,2150
264,2023,TRUE,2150
283,2023,FALSE,0
283,2023,TRUE,0
285,2023,FALSE,0
285,2023,TRUE,0
286,2023,FALSE,-587
286,2023,TRUE,0
351,2023,FALSE,75401
351,2023,TRUE,75401
353,2023,FALSE,530
353,2023,TRUE,769
368,2023,FALSE,0
368,2023,TRUE,0
369,2023,FALSE,-4210
369,2023,TRUE,0
372,2023,FALSE,31091
372,2023,TRUE,31091
373,2023,FALSE,667
373,2023,TRUE,667
376,2023,FALSE,2514
376,2023,TRUE,2514
384,2023,FALSE,0
384,2023,TRUE,0
386,2023,FALSE,0
386,2023,TRUE,0
387,2023,FALSE,-6437
387,2023,TRUE,0
388,2023,FALSE,0
388,2023,TRUE,0
390,2023,FALSE,0
390,2023,TRUE,0
391,2023,FALSE,0
391,2023,TRUE,0
392,2023,FALSE,0
392,2023,TRUE,0
396,2023,FALSE,0
396,2023,TRUE,0
397,2023,FALSE,0
397,2023,TRUE,0
398,2023,FALSE,0
398,2023,TRUE,0
401,2023,FALSE,0
401,2023,TRUE,0
402,2023,FALSE,0
402,2023,TRUE,0
405,2023,FALSE,0
405,2023,TRUE,0
420,2023,FALSE,-7051
420,2023,TRUE,0
412,2023,FALSE,0
412,2023,TRUE,0
413,2023,FALSE,0
413,2023,TRUE,0
416,2023,FALSE,0
416,2023,TRUE,0
417,2023,FALSE,0
417,2023,TRUE,0
421,2023,FALSE,0
421,2023,TRUE,0
422,2023,FALSE,-2913
422,2023,TRUE,0
424,2023,FALSE,0
424,2023,TRUE,0
427,2023,FALSE,0
427,2023,TRUE,0
428,2023,FALSE,0
428,2023,TRUE,0
429,2023,FALSE,0
429,2023,TRUE,0
433,2023,FALSE,27500
433,2023,TRUE,27500
443,2023,FALSE,5573
443,2023,TRUE,5573
445,2023,FALSE,-113
445,2023,TRUE,3
467,2023,FALSE,11077
467,2023,TRUE,11077
478,2023,FALSE,0
478,2023,TRUE,0
481,2023,FALSE,16476
481,2023,TRUE,16476
485,2023,FALSE,-800
485,2023,TRUE,0
495,2023,FALSE,-3899
495,2023,TRUE,0
1050,2023,FALSE,-187
1050,2023,TRUE,0
510,2023,FALSE,48450
510,2023,TRUE,48450
514,2023,FALSE,0
514,2023,TRUE,0
522,2023,FALSE,5442
522,2023,TRUE,5442
524,2023,FALSE,-837
524,2023,TRUE,0
545,2023,FALSE,-690
545,2023,TRUE,0
546,2023,FALSE,0
546,2023,TRUE,0
547,2023,FALSE,12913
547,2023,TRUE,12913
2979,2023,FALSE,2561
2979,2023,TRUE,2561
561,2023,FALSE,0
561,2023,TRUE,0
572,2023,FALSE,-47
572,2023,TRUE,22
574,2023,FALSE,4028
574,2023,TRUE,8059
575,2023,FALSE,0
575,2023,TRUE,0
577,2023,FALSE,0
577,2023,TRUE,0
578,2023,FALSE,223
578,2023,TRUE,223
583,2023,FALSE,-369
583,2023,TRUE,0
596,2023,FALSE,1576
596,2023,TRUE,1576
607,2023,FALSE,608
607,2023,TRUE,608
613,2023,FALSE,7900
613,2023,TRUE,7900
618,2023,FALSE,559
618,2023,TRUE,559
624,2023,FALSE,1218
624,2023,TRUE,1218
644,2023,FALSE,-148
644,2023,TRUE,0
649,2023,FALSE,0
649,2023,TRUE,0
651,2023,FALSE,1794
651,2023,TRUE,1794
654,2023,FALSE,45575
654,2023,TRUE,45575
664,2023,FALSE,-1840
664,2023,TRUE,0
673,2023,FALSE,-124
673,2023,TRUE,0
678,2023,FALSE,7309
678,2023,TRUE,7309
699,2023,FALSE,242299
699,2023,TRUE,242299
711,2023,FALSE,0
711,2023,TRUE,0
727,2023,FALSE,0
727,2023,TRUE,0
731,2023,FALSE,1411
731,2023,TRUE,1411
737,2023,FALSE,-267
737,2023,TRUE,0
739,2023,FALSE,1226
739,2023,TRUE,1226
2998,2023,FALSE,0
2998,2023,TRUE,0
748,2023,FALSE,-834
748,2023,TRUE,0
759,2023,FALSE,0
759,2023,TRUE,0
775,2023,FALSE,-1460
775,2023,TRUE,0
784,2023,FALSE,0
784,2023,TRUE,0
785,2023,FALSE,0
785,2023,TRUE,0
787,2023,FALSE,-321
787,2023,TRUE,0.4000000000000057
793,2023,FALSE,3163
793,2023,TRUE,3163
794,2023,FALSE,0
794,2023,TRUE,15400
814,2023,FALSE,0
814,2023,TRUE,0
816,2023,FALSE,15660
816,2023,TRUE,15660
821,2023,FALSE,0
821,2023,TRUE,0
827,2023,FALSE,-136
827,2023,TRUE,0
830,2023,FALSE,0
830,2023,TRUE,0
835,2023,FALSE,5590
835,2023,TRUE,5590
842,2023,FALSE,7553
842,2023,TRUE,7553
851,2023,FALSE,0
851,2023,TRUE,0
856,2023,FALSE,-734
856,2023,TRUE,0
859,2023,FALSE,1549
859,2023,TRUE,1549
866,2023,FALSE,12474
866,2023,TRUE,12474
867,2023,FALSE,6066
867,2023,TRUE,12132
873,2023,FALSE,0
873,2023,TRUE,0
890,2023,FALSE,3805
890,2023,TRUE,3805
904,2023,FALSE,14200
904,2023,TRUE,14200
909,2023,FALSE,3057
909,2023,TRUE,3057
920,2023,FALSE,0
920,2023,TRUE,0
924,2023,FALSE,0
924,2023,TRUE,0
934,2023,FALSE,26149
934,2023,TRUE,26149
967,2023,FALSE,0
967,2023,TRUE,0
972,2023,FALSE,0
972,2023,TRUE,0
977,2023,FALSE,0
977,2023,TRUE,0
990,2023,FALSE,2651
990,2023,TRUE,6108
995,2023,FALSE,8542
995,2023,TRUE,8542
1004,2023,FALSE,-10624
1004,2023,TRUE,0
1005,2023,FALSE,-994
1005,2023,TRUE,0
1029,2023,FALSE,0
1029,2023,TRUE,0
1030,2023,FALSE,12610
1030,2023,TRUE,12610
1031,2023,FALSE,0
1031,2023,TRUE,0
1032,2023,FALSE,0
1032,2023,TRUE,0
1034,2023,FALSE,-1097
1034,2023,TRUE,0
1036,2023,FALSE,0
1036,2023,TRUE,0
1038,2023,FALSE,0
1038,2023,TRUE,0
1041,2023,FALSE,0
1041,2023,TRUE,0
1049,2023,FALSE,0
1049,2023,TRUE,0
1052,2023,FALSE,0
1052,2023,TRUE,0
1053,2023,FALSE,0
1053,2023,TRUE,0
1054,2023,FALSE,208
1054,2023,TRUE,208
1057,2023,FALSE,0
1057,2023,TRUE,0
1058,2023,FALSE,0
1058,2023,TRUE,0
1059,2023,FALSE,0
1059,2023,TRUE,0
1060,2023,FALSE,0
1060,2023,TRUE,0
1062,2023,FALSE,0
1062,2023,TRUE,0
1068,2023,FALSE,-650
1068,2023,TRUE,2379
1083,2023,FALSE,803
1083,2023,TRUE,803
1094,2023,FALSE,7074
1094,2023,TRUE,7074
1109,2023,FALSE,-24
1109,2023,TRUE,0
1110,2023,FALSE,0
1110,2023,TRUE,0
1125,2023,FALSE,2320
1125,2023,TRUE,2320
1142,2023,FALSE,0
1142,2023,TRUE,0
1143,2023,FALSE,-2991
1143,2023,TRUE,0
1144,2023,FALSE,3
1144,2023,TRUE,3
1154,2023,FALSE,4530
1154,2023,TRUE,4530
1157,2023,FALSE,-194
1157,2023,TRUE,0
1166,2023,FALSE,0
1166,2023,TRUE,0
1167,2023,FALSE,0
1167,2023,TRUE,0
1181,2023,FALSE,-1501
1181,2023,TRUE,0
1188,2023,FALSE,-692
1188,2023,TRUE,0
1209,2023,FALSE,35642
1209,2023,TRUE,35642
1210,2023,FALSE,514
1210,2023,TRUE,514
1215,2023,FALSE,0
1215,2023,TRUE,0
1217,2023,FALSE,590
1217,2023,TRUE,1041
1225,2023,FALSE,0
1225,2023,TRUE,107
1234,2023,FALSE,13150
1234,2023,TRUE,13150
1236,2023,FALSE,0
1236,2023,TRUE,0
1238,2023,FALSE,2906
1238,2023,TRUE,2906
1239,2023,FALSE,41061
1239,2023,TRUE,41061
1245,2023,FALSE,73584
1245,2023,TRUE,76155
1270,2023,FALSE,-85
1270,2023,TRUE,-85
1273,2023,FALSE,8514
1273,2023,TRUE,8514
1286,2023,FALSE,-263
1286,2023,TRUE,0
1288,2023,FALSE,-2982
1288,2023,TRUE,0
1324,2023,FALSE,0
1324,2023,TRUE,0
1327,2023,FALSE,0
1327,2023,TRUE,0
1333,2023,FALSE,313
1333,2023,TRUE,313
1335,2023,FALSE,0
1335,2023,TRUE,0
1343,2023,FALSE,880.8
1343,2023,TRUE,1078.8
1352,2023,FALSE,0
1352,2023,TRUE,750
1368,2023,FALSE,0
1368,2023,TRUE,0
1370,2023,FALSE,2718
1370,2023,TRUE,2718
1371,2023,FALSE,1333
1371,2023,TRUE,1333
1384,2023,FALSE,0
1384,2023,TRUE,0
1388,2023,FALSE,2337
1388,2023,TRUE,2337
1869,2023,FALSE,-435
1869,2023,TRUE,0
1424,2023,FALSE,0
1424,2023,TRUE,0
1425,2023,FALSE,1577
1425,2023,TRUE,1577
1427,2023,FALSE,25302
1427,2023,TRUE,28092
1432,2023,FALSE,-216
1432,2023,TRUE,-216
1443,2023,FALSE,0
1443,2023,TRUE,0
1444,2023,FALSE,-99
1444,2023,TRUE,0
1450,2023,FALSE,2111
1450,2023,TRUE,2830
1452,2023,FALSE,900
1452,2023,TRUE,900
1456,2023,FALSE,1794
1456,2023,TRUE,2015
1459,2023,FALSE,5804
1459,2023,TRUE,5804
1464,2023,FALSE,30389
1464,2023,TRUE,30389
1473,2023,FALSE,0
1473,2023,TRUE,0
1481,2023,FALSE,-805
1481,2023,TRUE,0
1484,2023,FALSE,19314
1484,2023,TRUE,19314
1487,2023,FALSE,0
1487,2023,TRUE,0
1506,2023,FALSE,2093
1506,2023,TRUE,2093
1510,2023,FALSE,0
1510,2023,TRUE,2485
1533,2023,FALSE,-453
1533,2023,TRUE,269
1536,2023,FALSE,-229
1536,2023,TRUE,0
1539,2023,FALSE,1931
1539,2023,TRUE,1931
1546,2023,FALSE,50954
1546,2023,TRUE,50954
1547,2023,FALSE,7002
1547,2023,TRUE,7002
1554,2023,FALSE,0
1554,2023,TRUE,0
3056,2023,FALSE,948
3056,2023,TRUE,948
1570,2023,FALSE,492
1570,2023,TRUE,492
1587,2023,FALSE,-564
1587,2023,TRUE,0
1589,2023,FALSE,0
1589,2023,TRUE,0
1596,2023,FALSE,0
1596,2023,TRUE,0
1599,2023,FALSE,-388000
1599,2023,TRUE,0
1605,2023,FALSE,-482
1605,2023,TRUE,0
1613,2023,FALSE,-369
1613,2023,TRUE,46
1619,2023,FALSE,-1542
1619,2023,TRUE,0
1626,2023,FALSE,0
1626,2023,TRUE,0
1631,2023,FALSE,15316
1631,2023,TRUE,15316
1632,2023,FALSE,0
1632,2023,TRUE,0
1635,2023,FALSE,0
1635,2023,TRUE,0
1639,2023,FALSE,-280
1639,2023,TRUE,0
1642,2023,FALSE,-3270
1642,2023,TRUE,0
1644,2023,FALSE,405
1644,2023,TRUE,405
1645,2023,FALSE,-305
1645,2023,TRUE,0
1650,2023,FALSE,-571
1650,2023,TRUE,0
1656,2023,FALSE,10750
1656,2023,TRUE,10750
1660,2023,FALSE,1031
1660,2023,TRUE,1031
1663,2023,FALSE,0
1663,2023,TRUE,0
4231,2023,FALSE,0
4231,2023,TRUE,0
1671,2023,FALSE,-2280
1671,2023,TRUE,0
1684,2023,FALSE,0
1684,2023,TRUE,0
1697,2023,FALSE,0
1697,2023,TRUE,0
1701,2023,FALSE,-1991
1701,2023,TRUE,0
1718,2023,FALSE,170465
1718,2023,TRUE,170465
1729,2023,FALSE,38
1729,2023,TRUE,38
1730,2023,FALSE,0
1730,2023,TRUE,0
1731,2023,FALSE,177
1731,2023,TRUE,177
1732,2023,FALSE,7700
1732,2023,TRUE,7700
1739,2023,FALSE,-331.93999999999994
1739,2023,TRUE,5.684341886080802e-14
1748,2023,FALSE,5938
1748,2023,TRUE,5938
1752,2023,FALSE,0
1752,2023,TRUE,0
1756,2023,FALSE,1628
1756,2023,TRUE,1628
1765,2023,FALSE,0
1765,2023,TRUE,0
1777,2023,FALSE,0
1777,2023,TRUE,0
1782,2023,FALSE,14908.3
1782,2023,TRUE,14908.3
1792,2023,FALSE,4939
1792,2023,TRUE,4939
1793,2023,FALSE,0
1793,2023,TRUE,0
1795,2023,FALSE,-8578
1795,2023,TRUE,0
1797,2023,FALSE,0
1797,2023,TRUE,0
1803,2023,FALSE,0
1803,2023,TRUE,0
1804,2023,FALSE,128
1804,2023,TRUE,128
1821,2023,FALSE,0
1821,2023,TRUE,0
1827,2023,FALSE,0
1827,2023,TRUE,0
1838,2023,FALSE,0
1838,2023,TRUE,0
1849,2023,FALSE,-2145
1849,2023,TRUE,2171
1851,2023,FALSE,-4788
1851,2023,TRUE,0
1859,2023,FALSE,8060
1859,2023,TRUE,8060
1866,2023,FALSE,-100
1866,2023,TRUE,0
1873,2023,FALSE,3908
1873,2023,TRUE,5219
1875,2023,FALSE,0
1875,2023,TRUE,0
1877,2023,FALSE,856
1877,2023,TRUE,856
1894,2023,FALSE,0
1894,2023,TRUE,0
1896,2023,FALSE,0
1896,2023,TRUE,0
1899,2023,FALSE,48450
1899,2023,TRUE,48450
1900,2023,FALSE,-39
1900,2023,TRUE,0
1923,2023,FALSE,-628
1923,2023,TRUE,0
1925,2023,FALSE,1433
1925,2023,TRUE,1433
1927,2023,FALSE,108733
1927,2023,TRUE,108733
1940,2023,FALSE,0
1940,2023,TRUE,0
1945,2023,FALSE,-3623
1945,2023,TRUE,0
1953,2023,FALSE,0
1953,2023,TRUE,0
1954,2023,FALSE,2882
1954,2023,TRUE,2882
1956,2023,FALSE,3929
1956,2023,TRUE,3929
1964,2023,FALSE,0
1964,2023,TRUE,0
1983,2023,FALSE,0
1983,2023,TRUE,0
1990,2023,FALSE,4521
1990,2023,TRUE,4521
1996,2023,FALSE,513
1996,2023,TRUE,513
2000,2023,FALSE,7888
2000,2023,TRUE,7888
2031,2023,FALSE,0
2031,2023,TRUE,0
2033,2023,FALSE,3174
2033,2023,TRUE,3174
2035,2023,FALSE,4446
2035,2023,TRUE,4446
2037,2023,FALSE,-4275.999999999999
2037,2023,TRUE,9.094947017729282e-13
2042,2023,FALSE,0
2042,2023,TRUE,0
2049,2023,FALSE,1683
2049,2023,TRUE,1683
2057,2023,FALSE,0
2057,2023,TRUE,0
2060,2023,FALSE,0
2060,2023,TRUE,0
2063,2023,FALSE,0
2063,2023,TRUE,0
2074,2023,FALSE,11386
2074,2023,TRUE,11386
2083,2023,FALSE,25525
2083,2023,TRUE,25525
2087,2023,FALSE,730
2087,2023,TRUE,730
2103,2023,FALSE,3505
2103,2023,TRUE,3505
2107,2023,FALSE,-229
2107,2023,TRUE,0
2111,2023,FALSE,14100
2111,2023,TRUE,14100
2115,2023,FALSE,-667
2115,2023,TRUE,0
2118,2023,FALSE,0
2118,2023,TRUE,0
2119,2023,FALSE,544
2119,2023,TRUE,544
2122,2023,FALSE,0
2122,2023,TRUE,0
2130,2023,FALSE,202477
2130,2023,TRUE,202477
2132,2023,FALSE,37203
2132,2023,TRUE,37203
2140,2023,FALSE,2014
2140,2023,TRUE,2014
2146,2023,FALSE,0
2146,2023,TRUE,0
2149,2023,FALSE,-692
2149,2023,TRUE,0
2150,2023,FALSE,7594
2150,2023,TRUE,7594
2154,2023,FALSE,0
2154,2023,TRUE,0
2891,2023,FALSE,0
2891,2023,TRUE,0
2156,2023,FALSE,0
2156,2023,TRUE,0
2157,2023,FALSE,275300
2157,2023,TRUE,275300
2158,2023,FALSE,936
2158,2023,TRUE,936
2159,2023,FALSE,0
2159,2023,TRUE,0
2160,2023,FALSE,0
2160,2023,TRUE,0
2161,2023,FALSE,168742
2161,2023,TRUE,168742
2162,2023,FALSE,0
2162,2023,TRUE,0
2163,2023,FALSE,679
2163,2023,TRUE,679
2164,2023,FALSE,-25320
2164,2023,TRUE,0
2165,2023,FALSE,-525
2165,2023,TRUE,0
3994,2023,FALSE,-12930
3994,2023,TRUE,-12930
2167,2023,FALSE,-2484
2167,2023,TRUE,0
2166,2023,FALSE,0
2166,2023,TRUE,0
2168,2023,FALSE,0
2168,2023,TRUE,0
2169,2023,FALSE,-267
2169,2023,TRUE,0
2174,2023,FALSE,-2305
2174,2023,TRUE,0
2175,2023,FALSE,0
2175,2023,TRUE,0
2179,2023,FALSE,4450
2179,2023,TRUE,4450
2180,2023,FALSE,0
2180,2023,TRUE,0
2182,2023,FALSE,3574
2182,2023,TRUE,3574
2184,2023,FALSE,0
2184,2023,TRUE,0
2205,2023,FALSE,31
2205,2023,TRUE,31
2207,2023,FALSE,0
2207,2023,TRUE,0
2209,2023,FALSE,30920
2209,2023,TRUE,30920
2210,2023,FALSE,10798
2210,2023,TRUE,10798
2211,2023,FALSE,10000
2211,2023,TRUE,10000
4993,2023,FALSE,-18820
4993,2023,TRUE,3240
2213,2023,FALSE,0
2213,2023,TRUE,0
2214,2023,FALSE,5
2214,2023,TRUE,5
2215,2023,FALSE,-179
2215,2023,TRUE,0
2217,2023,FALSE,11299
2217,2023,TRUE,11299
2218,2023,FALSE,0
2218,2023,TRUE,0
2220,2023,FALSE,-235
2220,2023,TRUE,3248
2222,2023,FALSE,2017
2222,2023,TRUE,2017
2224,2023,FALSE,2259
2224,2023,TRUE,2259
2237,2023,FALSE,179
2237,2023,TRUE,179
2241,2023,FALSE,0
2241,2023,TRUE,0
2251,2023,FALSE,0
2251,2023,TRUE,0
2260,2023,FALSE,29
2260,2023,TRUE,229
2273,2023,FALSE,-1619
2273,2023,TRUE,1320
2290,2023,FALSE,-60
2290,2023,TRUE,0
2298,2023,FALSE,64
2298,2023,TRUE,64
2323,2023,FALSE,145824
2323,2023,TRUE,145824
2326,2023,FALSE,1035
2326,2023,TRUE,1035
2328,2023,FALSE,0
2328,2023,TRUE,0
2330,2023,FALSE,0
2330,2023,TRUE,0
2334,2023,FALSE,0
2334,2023,TRUE,0
2337,2023,FALSE,29356
2337,2023,TRUE,29556
2341,2023,FALSE,3734
2341,2023,TRUE,3734
2343,2023,FALSE,0
2343,2023,TRUE,0
2345,2023,FALSE,-480
2345,2023,TRUE,0
2346,2023,FALSE,-5074
2346,2023,TRUE,0
2348,2023,FALSE,15082
2348,2023,TRUE,15082
2381,2023,FALSE,20165
2381,2023,TRUE,20165
2382,2023,FALSE,-167253
2382,2023,TRUE,0
2401,2023,FALSE,8488
2401,2023,TRUE,8488
2402,2023,FALSE,3262
2402,2023,TRUE,3262
2405,2023,FALSE,0
2405,2023,TRUE,0
2419,2023,FALSE,-497
2419,2023,TRUE,0
2424,2023,FALSE,-692
2424,2023,TRUE,0
2425,2023,FALSE,2560
2425,2023,TRUE,2560
2432,2023,FALSE,1540
2432,2023,TRUE,1540
2437,2023,FALSE,0
2437,2023,TRUE,0
2438,2023,FALSE,256
2438,2023,TRUE,391
2444,2023,FALSE,267
2444,2023,TRUE,267
1408,2023,FALSE,435
1408,2023,TRUE,435
2457,2023,FALSE,747
2457,2023,TRUE,847
NA,2023,FALSE,1
NA,2023,TRUE,24
NA,2023,FALSE,-40000
NA,2023,TRUE,-9000
440,2023,FALSE,NA
440,2023,TRUE,NA
2466,2023,FALSE,6002
2466,2023,TRUE,6002
2469,2023,FALSE,0
2469,2023,TRUE,0
2473,2023,FALSE,4060
2473,2023,TRUE,4060
2487,2023,FALSE,11451
2487,2023,TRUE,11451
2490,2023,FALSE,0
2490,2023,TRUE,0
2496,2023,FALSE,-1313
2496,2023,TRUE,0
2510,2023,FALSE,-133
2510,2023,TRUE,89
2512,2023,FALSE,5363
2512,2023,TRUE,5363
2516,2023,FALSE,-822
2516,2023,TRUE,0
2523,2023,FALSE,5384
2523,2023,TRUE,5384
2524,2023,FALSE,1668
2524,2023,TRUE,1668
2528,2023,FALSE,0
2528,2023,TRUE,0
2530,2023,FALSE,4157
2530,2023,TRUE,4157
2536,2023,FALSE,8547
2536,2023,TRUE,8846
2540,2023,FALSE,0
2540,2023,TRUE,0
2541,2023,FALSE,0
2541,2023,TRUE,0
2543,2023,FALSE,-29083
2543,2023,TRUE,-22697
2597,2023,FALSE,446
2597,2023,TRUE,5950
2602,2023,FALSE,0
2602,2023,TRUE,0
2603,2023,FALSE,325
2603,2023,TRUE,325
2604,2023,FALSE,0
2604,2023,TRUE,0
2605,2023,FALSE,743
2605,2023,TRUE,743
2610,2023,FALSE,406
2610,2023,TRUE,406
2618,2023,FALSE,898
2618,2023,TRUE,898
2626,2023,FALSE,2847
2626,2023,TRUE,3597
2629,2023,FALSE,2393
2629,2023,TRUE,2393
2631,2023,FALSE,1267
2631,2023,TRUE,1267
2633,2023,FALSE,1139
2633,2023,TRUE,1139
2635,2023,FALSE,0
2635,2023,TRUE,0
2649,2023,FALSE,0
2649,2023,TRUE,0
2661,2023,FALSE,1190
2661,2023,TRUE,1190
2662,2023,FALSE,1047
2662,2023,TRUE,1047
2667,2023,FALSE,-3455
2667,2023,TRUE,0
2669,2023,FALSE,13250
2669,2023,TRUE,13250
2675,2023,FALSE,0
2675,2023,TRUE,0
2679,2023,FALSE,-9917
2679,2023,TRUE,0
2683,2023,FALSE,12146
2683,2023,TRUE,12146
2690,2023,FALSE,3649
2690,2023,TRUE,3649
2691,2023,FALSE,-155
2691,2023,TRUE,0
2697,2023,FALSE,5165
2697,2023,TRUE,5165
2704,2023,FALSE,0
2704,2023,TRUE,0
2723,2023,FALSE,28
2723,2023,TRUE,28
2751,2023,FALSE,-1570
2751,2023,TRUE,0
2766,2023,FALSE,19435
2766,2023,TRUE,19435
4811,2023,FALSE,-371
4811,2023,TRUE,-371
2782,2023,FALSE,0
2782,2023,TRUE,0
2789,2023,FALSE,5144
2789,2023,TRUE,5144
2790,2023,FALSE,7905
2790,2023,TRUE,7905
2793,2023,FALSE,46295
2793,2023,TRUE,46295
13,2024,FALSE,60456
13,2024,TRUE,60456
22,2024,FALSE,10900
22,2024,TRUE,10900
23,2024,FALSE,7719
23,2024,TRUE,7719
30,2024,FALSE,-875
30,2024,TRUE,0
55,2024,FALSE,10908
55,2024,TRUE,12886
57,2024,FALSE,-145
57,2024,TRUE,0
64,2024,FALSE,0
64,2024,TRUE,0
66,2024,FALSE,131
66,2024,TRUE,131
79,2024,FALSE,-220
79,2024,TRUE,0
82,2024,FALSE,179
82,2024,TRUE,179
87,2024,FALSE,-763
87,2024,TRUE,0
93,2024,FALSE,-585
93,2024,TRUE,0
94,2024,FALSE,724
94,2024,TRUE,724
99,2024,FALSE,464
99,2024,TRUE,464
102,2024,FALSE,0
102,2024,TRUE,423
107,2024,FALSE,0
107,2024,TRUE,0
110,2024,FALSE,0
110,2024,TRUE,0
117,2024,FALSE,4955
117,2024,TRUE,4955
123,2024,FALSE,-7395
123,2024,TRUE,0
124,2024,FALSE,0
124,2024,TRUE,0
129,2024,FALSE,64
129,2024,TRUE,1008
159,2024,FALSE,-3048
159,2024,TRUE,614
167,2024,FALSE,-986
167,2024,TRUE,14
170,2024,FALSE,-784
170,2024,TRUE,0
178,2024,FALSE,7618
178,2024,TRUE,7618
193,2024,FALSE,0
193,2024,TRUE,0
197,2024,FALSE,0
197,2024,TRUE,0
198,2024,FALSE,955
198,2024,TRUE,955
241,2024,FALSE,3420
241,2024,TRUE,3768
262,2024,FALSE,688
262,2024,TRUE,688
263,2024,FALSE,0
263,2024,TRUE,0
264,2024,FALSE,2100
264,2024,TRUE,2100
283,2024,FALSE,0
283,2024,TRUE,0
285,2024,FALSE,0
285,2024,TRUE,0
286,2024,FALSE,-587
286,2024,TRUE,0
351,2024,FALSE,71038
351,2024,TRUE,71041
353,2024,FALSE,530
353,2024,TRUE,769
368,2024,FALSE,0
368,2024,TRUE,0
369,2024,FALSE,-5101
369,2024,TRUE,0
372,2024,FALSE,31028
372,2024,TRUE,31028
373,2024,FALSE,660
373,2024,TRUE,660
376,2024,FALSE,2206
376,2024,TRUE,2206
384,2024,FALSE,0
384,2024,TRUE,0
386,2024,FALSE,0
386,2024,TRUE,0
387,2024,FALSE,-6442
387,2024,TRUE,0
388,2024,FALSE,0
388,2024,TRUE,0
390,2024,FALSE,0
390,2024,TRUE,0
391,2024,FALSE,0
391,2024,TRUE,0
392,2024,FALSE,0
392,2024,TRUE,0
396,2024,FALSE,0
396,2024,TRUE,0
397,2024,FALSE,0
397,2024,TRUE,0
398,2024,FALSE,0
398,2024,TRUE,0
401,2024,FALSE,0
401,2024,TRUE,0
402,2024,FALSE,0
402,2024,TRUE,0
405,2024,FALSE,0
405,2024,TRUE,0
420,2024,FALSE,-7054
420,2024,TRUE,0
412,2024,FALSE,0
412,2024,TRUE,0
413,2024,FALSE,0
413,2024,TRUE,0
416,2024,FALSE,0
416,2024,TRUE,0
417,2024,FALSE,0
417,2024,TRUE,0
421,2024,FALSE,0
421,2024,TRUE,0
422,2024,FALSE,-2979
422,2024,TRUE,0
424,2024,FALSE,0
424,2024,TRUE,0
427,2024,FALSE,0
427,2024,TRUE,0
428,2024,FALSE,0
428,2024,TRUE,0
429,2024,FALSE,0
429,2024,TRUE,0
433,2024,FALSE,27500
433,2024,TRUE,27500
443,2024,FALSE,5677
443,2024,TRUE,5677
445,2024,FALSE,-113
445,2024,TRUE,3
467,2024,FALSE,11077
467,2024,TRUE,11077
478,2024,FALSE,0
478,2024,TRUE,0
481,2024,FALSE,34621
481,2024,TRUE,34621
485,2024,FALSE,-455
485,2024,TRUE,745
495,2024,FALSE,-3899
495,2024,TRUE,0
1050,2024,FALSE,-187
1050,2024,TRUE,0
510,2024,FALSE,48229
510,2024,TRUE,48229
514,2024,FALSE,0
514,2024,TRUE,0
522,2024,FALSE,5352
522,2024,TRUE,5352
524,2024,FALSE,-1208
524,2024,TRUE,0
545,2024,FALSE,-799
545,2024,TRUE,0
546,2024,FALSE,0
546,2024,TRUE,0
547,2024,FALSE,12689
547,2024,TRUE,12689
2979,2024,FALSE,2509
2979,2024,TRUE,2509
561,2024,FALSE,0
561,2024,TRUE,0
572,2024,FALSE,-50
572,2024,TRUE,22
574,2024,FALSE,-802
574,2024,TRUE,4709
575,2024,FALSE,0
575,2024,TRUE,0
577,2024,FALSE,0
577,2024,TRUE,0
578,2024,FALSE,223
578,2024,TRUE,223
583,2024,FALSE,-402
583,2024,TRUE,0
596,2024,FALSE,1593
596,2024,TRUE,1593
607,2024,FALSE,941
607,2024,TRUE,941
613,2024,FALSE,-600
613,2024,TRUE,0
618,2024,FALSE,685
618,2024,TRUE,685
624,2024,FALSE,1446
624,2024,TRUE,1446
644,2024,FALSE,-176
644,2024,TRUE,0
649,2024,FALSE,0
649,2024,TRUE,0
651,2024,FALSE,1782
651,2024,TRUE,1782
654,2024,FALSE,106463
654,2024,TRUE,106463
664,2024,FALSE,-2872
664,2024,TRUE,0
673,2024,FALSE,-116
673,2024,TRUE,0
678,2024,FALSE,7309
678,2024,TRUE,7309
699,2024,FALSE,130122
699,2024,TRUE,130122
711,2024,FALSE,0
711,2024,TRUE,0
727,2024,FALSE,0
727,2024,TRUE,0
731,2024,FALSE,1193
731,2024,TRUE,1193
737,2024,FALSE,-272
737,2024,TRUE,0
739,2024,FALSE,1151
739,2024,TRUE,1151
2998,2024,FALSE,0
2998,2024,TRUE,0
748,2024,FALSE,-1205
748,2024,TRUE,0
759,2024,FALSE,0
759,2024,TRUE,0
775,2024,FALSE,-1825
775,2024,TRUE,0
784,2024,FALSE,0
784,2024,TRUE,0
785,2024,FALSE,0
785,2024,TRUE,0
787,2024,FALSE,-346
787,2024,TRUE,0.4000000000000057
793,2024,FALSE,3207
793,2024,TRUE,3207
794,2024,FALSE,0
794,2024,TRUE,16000
814,2024,FALSE,0
814,2024,TRUE,0
816,2024,FALSE,15030
816,2024,TRUE,15030
821,2024,FALSE,0
821,2024,TRUE,0
827,2024,FALSE,-709
827,2024,TRUE,0
830,2024,FALSE,0
830,2024,TRUE,0
835,2024,FALSE,5460
835,2024,TRUE,5460
842,2024,FALSE,7137
842,2024,TRUE,7137
851,2024,FALSE,0
851,2024,TRUE,0
856,2024,FALSE,-741
856,2024,TRUE,0
859,2024,FALSE,1543
859,2024,TRUE,1543
866,2024,FALSE,12210
866,2024,TRUE,12210
867,2024,FALSE,5289
867,2024,TRUE,5289
873,2024,FALSE,0
873,2024,TRUE,0
890,2024,FALSE,4739
890,2024,TRUE,4739
904,2024,FALSE,14076
904,2024,TRUE,14076
909,2024,FALSE,3042
909,2024,TRUE,3042
920,2024,FALSE,0
920,2024,TRUE,0
924,2024,FALSE,0
924,2024,TRUE,0
934,2024,FALSE,26732
934,2024,TRUE,26732
967,2024,FALSE,0
967,2024,TRUE,0
972,2024,FALSE,0
972,2024,TRUE,0
977,2024,FALSE,0
977,2024,TRUE,0
990,2024,FALSE,2632
990,2024,TRUE,6089
995,2024,FALSE,8638
995,2024,TRUE,8638
1004,2024,FALSE,-10667
1004,2024,TRUE,0
1005,2024,FALSE,-1097
1005,2024,TRUE,0
1029,2024,FALSE,0
1029,2024,TRUE,0
1030,2024,FALSE,11151
1030,2024,TRUE,11151
1031,2024,FALSE,0
1031,2024,TRUE,0
1032,2024,FALSE,0
1032,2024,TRUE,0
1034,2024,FALSE,-1418
1034,2024,TRUE,0
1036,2024,FALSE,0
1036,2024,TRUE,0
1038,2024,FALSE,0
1038,2024,TRUE,0
1041,2024,FALSE,0
1041,2024,TRUE,0
1049,2024,FALSE,0
1049,2024,TRUE,0
1052,2024,FALSE,0
1052,2024,TRUE,0
1053,2024,FALSE,0
1053,2024,TRUE,0
1054,2024,FALSE,222
1054,2024,TRUE,222
1057,2024,FALSE,0
1057,2024,TRUE,0
1058,2024,FALSE,0
1058,2024,TRUE,0
1059,2024,FALSE,0
1059,2024,TRUE,0
1060,2024,FALSE,0
1060,2024,TRUE,0
1062,2024,FALSE,0
1062,2024,TRUE,0
1068,2024,FALSE,-487
1068,2024,TRUE,2546
1083,2024,FALSE,1177
1083,2024,TRUE,1177
1094,2024,FALSE,7046
1094,2024,TRUE,7046
1109,2024,FALSE,-33
1109,2024,TRUE,3
1110,2024,FALSE,266
1110,2024,TRUE,266
1125,2024,FALSE,2230
1125,2024,TRUE,2230
1142,2024,FALSE,0
1142,2024,TRUE,0
1143,2024,FALSE,-3232
1143,2024,TRUE,1
1144,2024,FALSE,-13
1144,2024,TRUE,-13
1154,2024,FALSE,3334
1154,2024,TRUE,3334
1157,2024,FALSE,-253
1157,2024,TRUE,0
1166,2024,FALSE,0
1166,2024,TRUE,0
1167,2024,FALSE,0
1167,2024,TRUE,0
1181,2024,FALSE,-1713
1181,2024,TRUE,0
1188,2024,FALSE,-702
1188,2024,TRUE,1
1209,2024,FALSE,15279
1209,2024,TRUE,15279
1210,2024,FALSE,510
1210,2024,TRUE,510
1215,2024,FALSE,0
1215,2024,TRUE,0
1217,2024,FALSE,601
1217,2024,TRUE,1051
1225,2024,FALSE,0
1225,2024,TRUE,109
1234,2024,FALSE,13110
1234,2024,TRUE,13110
1236,2024,FALSE,0
1236,2024,TRUE,0
1238,2024,FALSE,2843
1238,2024,TRUE,2843
1239,2024,FALSE,37203
1239,2024,TRUE,37203
1245,2024,FALSE,76077
1245,2024,TRUE,78571
1270,2024,FALSE,-56
1270,2024,TRUE,-56
1273,2024,FALSE,13442
1273,2024,TRUE,13442
1286,2024,FALSE,-323
1286,2024,TRUE,0
1288,2024,FALSE,-2982
1288,2024,TRUE,0
1324,2024,FALSE,0
1324,2024,TRUE,0
1327,2024,FALSE,0
1327,2024,TRUE,0
1333,2024,FALSE,761
1333,2024,TRUE,761
1335,2024,FALSE,0
1335,2024,TRUE,0
1343,2024,FALSE,814
1343,2024,TRUE,1012
1352,2024,FALSE,0
1352,2024,TRUE,779
1368,2024,FALSE,0
1368,2024,TRUE,0
1370,2024,FALSE,2731
1370,2024,TRUE,2731
1371,2024,FALSE,1322
1371,2024,TRUE,1322
1384,2024,FALSE,0
1384,2024,TRUE,0
1388,2024,FALSE,1804
1388,2024,TRUE,1804
1869,2024,FALSE,-510
1869,2024,TRUE,0
1424,2024,FALSE,0
1424,2024,TRUE,0
1425,2024,FALSE,1571
1425,2024,TRUE,1571
1427,2024,FALSE,25201
1427,2024,TRUE,27991
1432,2024,FALSE,-221
1432,2024,TRUE,-221
1443,2024,FALSE,0
1443,2024,TRUE,0
1444,2024,FALSE,-222
1444,2024,TRUE,0
1450,2024,FALSE,1224
1450,2024,TRUE,2314
1452,2024,FALSE,914
1452,2024,TRUE,914
1456,2024,FALSE,1731
1456,2024,TRUE,1958
1459,2024,FALSE,3521
1459,2024,TRUE,3521
1464,2024,FALSE,30585
1464,2024,TRUE,30585
1473,2024,FALSE,0
1473,2024,TRUE,0
1481,2024,FALSE,1185
1481,2024,TRUE,1185
1484,2024,FALSE,18371
1484,2024,TRUE,18371
1487,2024,FALSE,0
1487,2024,TRUE,0
1506,2024,FALSE,1916
1506,2024,TRUE,1916
1510,2024,FALSE,0
1510,2024,TRUE,3412
1533,2024,FALSE,NA
1533,2024,TRUE,NA
1536,2024,FALSE,-303
1536,2024,TRUE,0
1539,2024,FALSE,2440
1539,2024,TRUE,2440
1546,2024,FALSE,36636
1546,2024,TRUE,36636
1547,2024,FALSE,6807
1547,2024,TRUE,6807
1554,2024,FALSE,-23
1554,2024,TRUE,0
3056,2024,FALSE,931
3056,2024,TRUE,931
1570,2024,FALSE,489
1570,2024,TRUE,489
1587,2024,FALSE,-615
1587,2024,TRUE,0
1589,2024,FALSE,0
1589,2024,TRUE,0
1596,2024,FALSE,0
1596,2024,TRUE,0
1599,2024,FALSE,-23000
1599,2024,TRUE,0
1605,2024,FALSE,-482
1605,2024,TRUE,0
1613,2024,FALSE,-363
1613,2024,TRUE,52
1619,2024,FALSE,-1604
1619,2024,TRUE,0
1626,2024,FALSE,0
1626,2024,TRUE,0
1631,2024,FALSE,9177
1631,2024,TRUE,9177
1632,2024,FALSE,0
1632,2024,TRUE,0
1635,2024,FALSE,0
1635,2024,TRUE,0
1639,2024,FALSE,-375
1639,2024,TRUE,0
1642,2024,FALSE,-3164
1642,2024,TRUE,0
1644,2024,FALSE,171
1644,2024,TRUE,171
1645,2024,FALSE,-862
1645,2024,TRUE,0
1650,2024,FALSE,-743
1650,2024,TRUE,0
1656,2024,FALSE,10836
1656,2024,TRUE,10836
1660,2024,FALSE,467
1660,2024,TRUE,467
1663,2024,FALSE,0
1663,2024,TRUE,0
4231,2024,FALSE,-4010
4231,2024,TRUE,-4010
1671,2024,FALSE,-2352
1671,2024,TRUE,0
1684,2024,FALSE,0
1684,2024,TRUE,0
1697,2024,FALSE,0
1697,2024,TRUE,0
1701,2024,FALSE,-2018
1701,2024,TRUE,0
1718,2024,FALSE,66213
1718,2024,TRUE,66213
1729,2024,FALSE,-31
1729,2024,TRUE,0
1730,2024,FALSE,0
1730,2024,TRUE,0
1731,2024,FALSE,163
1731,2024,TRUE,163
1732,2024,FALSE,6750
1732,2024,TRUE,6750
1739,2024,FALSE,-336.89
1739,2024,TRUE,0
1748,2024,FALSE,5592
1748,2024,TRUE,5592
1752,2024,FALSE,0
1752,2024,TRUE,0
1756,2024,FALSE,1627
1756,2024,TRUE,1627
1765,2024,FALSE,0
1765,2024,TRUE,0
1777,2024,FALSE,0
1777,2024,TRUE,0
1782,2024,FALSE,14467.6
1782,2024,TRUE,14467.6
1792,2024,FALSE,4864
1792,2024,TRUE,4864
1793,2024,FALSE,0
1793,2024,TRUE,0
1795,2024,FALSE,-10434
1795,2024,TRUE,0
1797,2024,FALSE,0
1797,2024,TRUE,0
1803,2024,FALSE,0
1803,2024,TRUE,0
1804,2024,FALSE,124
1804,2024,TRUE,124
1821,2024,FALSE,0
1821,2024,TRUE,0
1827,2024,FALSE,0
1827,2024,TRUE,0
1838,2024,FALSE,0
1838,2024,TRUE,0
1849,2024,FALSE,265
1849,2024,TRUE,265
1851,2024,FALSE,-4876
1851,2024,TRUE,0
1859,2024,FALSE,5199
1859,2024,TRUE,5199
1866,2024,FALSE,-120
1866,2024,TRUE,0
1873,2024,FALSE,4333
1873,2024,TRUE,5644
1875,2024,FALSE,0
1875,2024,TRUE,0
1877,2024,FALSE,761
1877,2024,TRUE,761
1894,2024,FALSE,0
1894,2024,TRUE,0
1896,2024,FALSE,0
1896,2024,TRUE,0
1899,2024,FALSE,48229
1899,2024,TRUE,48229
1900,2024,FALSE,-50
1900,2024,TRUE,0
1923,2024,FALSE,-363
1923,2024,TRUE,0
1925,2024,FALSE,729
1925,2024,TRUE,729
1927,2024,FALSE,106054
1927,2024,TRUE,106054
1940,2024,FALSE,0
1940,2024,TRUE,0
1945,2024,FALSE,-4424
1945,2024,TRUE,0
1953,2024,FALSE,0
1953,2024,TRUE,0
1954,2024,FALSE,2686
1954,2024,TRUE,2686
1956,2024,FALSE,3765
1956,2024,TRUE,3765
1964,2024,FALSE,0
1964,2024,TRUE,0
1983,2024,FALSE,0
1983,2024,TRUE,0
1990,2024,FALSE,4633
1990,2024,TRUE,4633
1996,2024,FALSE,516
1996,2024,TRUE,516
2000,2024,FALSE,4027
2000,2024,TRUE,4027
2031,2024,FALSE,0
2031,2024,TRUE,0
2033,2024,FALSE,3137
2033,2024,TRUE,3137
2035,2024,FALSE,4450
2035,2024,TRUE,4450
2037,2024,FALSE,-4209.591799999999
2037,2024,TRUE,9.094947017729282e-13
2042,2024,FALSE,0
2042,2024,TRUE,0
2049,2024,FALSE,1753
2049,2024,TRUE,1753
2057,2024,FALSE,0
2057,2024,TRUE,0
2060,2024,FALSE,0
2060,2024,TRUE,0
2063,2024,FALSE,0
2063,2024,TRUE,0
2074,2024,FALSE,11340
2074,2024,TRUE,11388
2083,2024,FALSE,19291
2083,2024,TRUE,19291
2087,2024,FALSE,740
2087,2024,TRUE,740
2103,2024,FALSE,3396
2103,2024,TRUE,3396
2107,2024,FALSE,-198
2107,2024,TRUE,0
2111,2024,FALSE,3047
2111,2024,TRUE,3047
2115,2024,FALSE,-1041
2115,2024,TRUE,0
2118,2024,FALSE,0
2118,2024,TRUE,0
2119,2024,FALSE,538
2119,2024,TRUE,538
2122,2024,FALSE,0
2122,2024,TRUE,0
2130,2024,FALSE,199420
2130,2024,TRUE,199420
2132,2024,FALSE,43534
2132,2024,TRUE,43534
2140,2024,FALSE,1915
2140,2024,TRUE,1915
2146,2024,FALSE,0
2146,2024,TRUE,0
2149,2024,FALSE,-702
2149,2024,TRUE,0
2150,2024,FALSE,7805
2150,2024,TRUE,7805
2154,2024,FALSE,0
2154,2024,TRUE,0
2891,2024,FALSE,0
2891,2024,TRUE,0
2156,2024,FALSE,0
2156,2024,TRUE,0
2157,2024,FALSE,234333
2157,2024,TRUE,234333
2158,2024,FALSE,112
2158,2024,TRUE,112
2159,2024,FALSE,0
2159,2024,TRUE,0
2160,2024,FALSE,0
2160,2024,TRUE,0
2161,2024,FALSE,186857
2161,2024,TRUE,186857
2162,2024,FALSE,0
2162,2024,TRUE,0
2163,2024,FALSE,670
2163,2024,TRUE,670
2164,2024,FALSE,-25770
2164,2024,TRUE,0
2165,2024,FALSE,-676
2165,2024,TRUE,0
3994,2024,FALSE,-12986
3994,2024,TRUE,-12986
2167,2024,FALSE,-3231
2167,2024,TRUE,0
2166,2024,FALSE,0
2166,2024,TRUE,0
2168,2024,FALSE,0
2168,2024,TRUE,0
2169,2024,FALSE,-339
2169,2024,TRUE,0
2174,2024,FALSE,-2335
2174,2024,TRUE,0
2175,2024,FALSE,0
2175,2024,TRUE,0
2179,2024,FALSE,4180
2179,2024,TRUE,4180
2180,2024,FALSE,0
2180,2024,TRUE,0
2182,2024,FALSE,3518
2182,2024,TRUE,3518
2184,2024,FALSE,-853
2184,2024,TRUE,0
2205,2024,FALSE,-49
2205,2024,TRUE,0
2207,2024,FALSE,0
2207,2024,TRUE,0
2209,2024,FALSE,22450
2209,2024,TRUE,22450
2210,2024,FALSE,10603
2210,2024,TRUE,10603
2211,2024,FALSE,17000
2211,2024,TRUE,17000
4993,2024,FALSE,1500
4993,2024,TRUE,23560
2213,2024,FALSE,0
2213,2024,TRUE,0
2214,2024,FALSE,0
2214,2024,TRUE,0
2215,2024,FALSE,-281
2215,2024,TRUE,0
2217,2024,FALSE,11586
2217,2024,TRUE,11586
2218,2024,FALSE,0
2218,2024,TRUE,0
2220,2024,FALSE,-468
2220,2024,TRUE,3062
2222,2024,FALSE,1860
2222,2024,TRUE,1860
2224,2024,FALSE,1639
2224,2024,TRUE,1639
2237,2024,FALSE,184
2237,2024,TRUE,184
2241,2024,FALSE,0
2241,2024,TRUE,0
2251,2024,FALSE,0
2251,2024,TRUE,0
2260,2024,FALSE,47
2260,2024,TRUE,241
2273,2024,FALSE,-1645
2273,2024,TRUE,1294
2290,2024,FALSE,-68
2290,2024,TRUE,0
2298,2024,FALSE,51
2298,2024,TRUE,51
2323,2024,FALSE,145771
2323,2024,TRUE,145771
2326,2024,FALSE,NA
2326,2024,TRUE,NA
2328,2024,FALSE,0
2328,2024,TRUE,0
2330,2024,FALSE,0
2330,2024,TRUE,0
2334,2024,FALSE,0
2334,2024,TRUE,0
2337,2024,FALSE,33520
2337,2024,TRUE,33749
2341,2024,FALSE,3731
2341,2024,TRUE,3731
2343,2024,FALSE,0
2343,2024,TRUE,0
2345,2024,FALSE,-543
2345,2024,TRUE,0
2346,2024,FALSE,-5074
2346,2024,TRUE,0
2348,2024,FALSE,15848
2348,2024,TRUE,15848
2381,2024,FALSE,19588
2381,2024,TRUE,19588
2382,2024,FALSE,-161802
2382,2024,TRUE,0
2401,2024,FALSE,5538
2401,2024,TRUE,5538
2402,2024,FALSE,1118
2402,2024,TRUE,1118
2405,2024,FALSE,0
2405,2024,TRUE,0
2419,2024,FALSE,-513
2419,2024,TRUE,0
2424,2024,FALSE,-702
2424,2024,TRUE,1
2425,2024,FALSE,2624
2425,2024,TRUE,2624
2432,2024,FALSE,1460
2432,2024,TRUE,1460
2437,2024,FALSE,0
2437,2024,TRUE,0
2438,2024,FALSE,156
2438,2024,TRUE,363
2444,2024,FALSE,527
2444,2024,TRUE,527
1408,2024,FALSE,473
1408,2024,TRUE,473
2457,2024,FALSE,734
2457,2024,TRUE,834
NA,2024,FALSE,1
NA,2024,TRUE,32
NA,2024,FALSE,-60000
NA,2024,TRUE,0
440,2024,FALSE,NA
440,2024,TRUE,NA
2466,2024,FALSE,5967
2466,2024,TRUE,5967
2469,2024,FALSE,0
2469,2024,TRUE,0
2473,2024,FALSE,6778
2473,2024,TRUE,6778
2487,2024,FALSE,11367
2487,2024,TRUE,11367
2490,2024,FALSE,0
2490,2024,TRUE,0
2496,2024,FALSE,-1657
2496,2024,TRUE,0
2510,2024,FALSE,-62
2510,2024,TRUE,162
2512,2024,FALSE,5332
2512,2024,TRUE,5332
2516,2024,FALSE,-1670
2516,2024,TRUE,0
2523,2024,FALSE,5190
2523,2024,TRUE,5190
2524,2024,FALSE,2753
2524,2024,TRUE,2753
2528,2024,FALSE,0
2528,2024,TRUE,0
2530,2024,FALSE,4065
2530,2024,TRUE,4065
2536,2024,FALSE,8551
2536,2024,TRUE,8849
2540,2024,FALSE,0
2540,2024,TRUE,0
2541,2024,FALSE,0
2541,2024,TRUE,0
2543,2024,FALSE,-46808
2543,2024,TRUE,-37336
2597,2024,FALSE,1042
2597,2024,TRUE,6587
2602,2024,FALSE,0
2602,2024,TRUE,0
2603,2024,FALSE,272
2603,2024,TRUE,272
2604,2024,FALSE,0
2604,2024,TRUE,0
2605,2024,FALSE,170
2605,2024,TRUE,170
2610,2024,FALSE,307
2610,2024,TRUE,307
2618,2024,FALSE,888
2618,2024,TRUE,888
2626,2024,FALSE,247
2626,2024,TRUE,1247
2629,2024,FALSE,3993
2629,2024,TRUE,3993
2631,2024,FALSE,1440
2631,2024,TRUE,1440
2633,2024,FALSE,1139
2633,2024,TRUE,1139
2635,2024,FALSE,0
2635,2024,TRUE,0
2649,2024,FALSE,0
2649,2024,TRUE,0
2661,2024,FALSE,552
2661,2024,TRUE,552
2662,2024,FALSE,1026
2662,2024,TRUE,1026
2667,2024,FALSE,-4470
2667,2024,TRUE,0
2669,2024,FALSE,13211
2669,2024,TRUE,13865
2675,2024,FALSE,0
2675,2024,TRUE,0
2679,2024,FALSE,-4856
2679,2024,TRUE,0
2683,2024,FALSE,14434
2683,2024,TRUE,14434
2690,2024,FALSE,3759
2690,2024,TRUE,3759
2691,2024,FALSE,-160
2691,2024,TRUE,0
2697,2024,FALSE,4703
2697,2024,TRUE,4703
2704,2024,FALSE,0
2704,2024,TRUE,0
2723,2024,FALSE,-44
2723,2024,TRUE,0
2751,2024,FALSE,-1705
2751,2024,TRUE,0
2766,2024,FALSE,17419
2766,2024,TRUE,17419
4811,2024,FALSE,-95
4811,2024,TRUE,-95
2782,2024,FALSE,0
2782,2024,TRUE,0
2789,2024,FALSE,5151
2789,2024,TRUE,5151
2790,2024,FALSE,6328
2790,2024,TRUE,6328
2793,2024,FALSE,46520
2793,2024,TRUE,46520
13,2025,FALSE,60688
13,2025,TRUE,60688
22,2025,FALSE,12500
22,2025,TRUE,12500
23,2025,FALSE,9022
23,2025,TRUE,9022
30,2025,FALSE,-990
30,2025,TRUE,0
55,2025,FALSE,10866
55,2025,TRUE,12855
57,2025,FALSE,-111
57,2025,TRUE,0
64,2025,FALSE,0
64,2025,TRUE,0
66,2025,FALSE,126
66,2025,TRUE,126
79,2025,FALSE,-12340
79,2025,TRUE,0
82,2025,FALSE,161
82,2025,TRUE,161
87,2025,FALSE,-781
87,2025,TRUE,0
93,2025,FALSE,-591
93,2025,TRUE,0
94,2025,FALSE,718
94,2025,TRUE,718
99,2025,FALSE,442
99,2025,TRUE,442
102,2025,FALSE,0
102,2025,TRUE,529
107,2025,FALSE,0
107,2025,TRUE,0
110,2025,FALSE,0
110,2025,TRUE,0
117,2025,FALSE,4895
117,2025,TRUE,4895
123,2025,FALSE,-7528
123,2025,TRUE,0
124,2025,FALSE,0
124,2025,TRUE,0
129,2025,FALSE,0
129,2025,TRUE,968
159,2025,FALSE,-4790
159,2025,TRUE,0
167,2025,FALSE,-3552
167,2025,TRUE,0
170,2025,FALSE,-785
170,2025,TRUE,0
178,2025,FALSE,6759
178,2025,TRUE,6759
193,2025,FALSE,0
193,2025,TRUE,0
197,2025,FALSE,0
197,2025,TRUE,0
198,2025,FALSE,953
198,2025,TRUE,953
241,2025,FALSE,3370
241,2025,TRUE,3723
262,2025,FALSE,859
262,2025,TRUE,859
263,2025,FALSE,0
263,2025,TRUE,0
264,2025,FALSE,2050
264,2025,TRUE,2050
283,2025,FALSE,0
283,2025,TRUE,0
285,2025,FALSE,0
285,2025,TRUE,0
286,2025,FALSE,-587
286,2025,TRUE,0
351,2025,FALSE,61422
351,2025,TRUE,61429
353,2025,FALSE,530
353,2025,TRUE,769
368,2025,FALSE,0
368,2025,TRUE,0
369,2025,FALSE,-5992
369,2025,TRUE,0
372,2025,FALSE,31004
372,2025,TRUE,31004
373,2025,FALSE,660
373,2025,TRUE,660
376,2025,FALSE,1897
376,2025,TRUE,1897
384,2025,FALSE,0
384,2025,TRUE,0
386,2025,FALSE,0
386,2025,TRUE,0
387,2025,FALSE,-6439
387,2025,TRUE,0
388,2025,FALSE,0
388,2025,TRUE,0
390,2025,FALSE,0
390,2025,TRUE,0
391,2025,FALSE,0
391,2025,TRUE,0
392,2025,FALSE,0
392,2025,TRUE,0
396,2025,FALSE,0
396,2025,TRUE,0
397,2025,FALSE,0
397,2025,TRUE,0
398,2025,FALSE,0
398,2025,TRUE,0
401,2025,FALSE,0
401,2025,TRUE,0
402,2025,FALSE,0
402,2025,TRUE,0
405,2025,FALSE,0
405,2025,TRUE,0
420,2025,FALSE,-7065
420,2025,TRUE,0
412,2025,FALSE,0
412,2025,TRUE,0
413,2025,FALSE,0
413,2025,TRUE,0
416,2025,FALSE,0
416,2025,TRUE,0
417,2025,FALSE,0
417,2025,TRUE,0
421,2025,FALSE,0
421,2025,TRUE,0
422,2025,FALSE,-3043
422,2025,TRUE,0
424,2025,FALSE,0
424,2025,TRUE,0
427,2025,FALSE,0
427,2025,TRUE,0
428,2025,FALSE,0
428,2025,TRUE,0
429,2025,FALSE,0
429,2025,TRUE,0
433,2025,FALSE,27500
433,2025,TRUE,27500
443,2025,FALSE,5794
443,2025,TRUE,5794
445,2025,FALSE,-86
445,2025,TRUE,30
467,2025,FALSE,11077
467,2025,TRUE,11077
478,2025,FALSE,0
478,2025,TRUE,0
481,2025,FALSE,34617
481,2025,TRUE,34617
485,2025,FALSE,-255
485,2025,TRUE,945
495,2025,FALSE,-3899
495,2025,TRUE,0
1050,2025,FALSE,-187
1050,2025,TRUE,313
510,2025,FALSE,47799
510,2025,TRUE,47799
514,2025,FALSE,0
514,2025,TRUE,0
522,2025,FALSE,5262
522,2025,TRUE,5262
524,2025,FALSE,-1336
524,2025,TRUE,0
545,2025,FALSE,-848
545,2025,TRUE,0
546,2025,FALSE,0
546,2025,TRUE,0
547,2025,FALSE,12466
547,2025,TRUE,12466
2979,2025,FALSE,2455
2979,2025,TRUE,2455
561,2025,FALSE,0
561,2025,TRUE,0
572,2025,FALSE,-55
572,2025,TRUE,25
574,2025,FALSE,9256
574,2025,TRUE,10668
575,2025,FALSE,0
575,2025,TRUE,0
577,2025,FALSE,0
577,2025,TRUE,0
578,2025,FALSE,-42
578,2025,TRUE,33
583,2025,FALSE,-417
583,2025,TRUE,0
596,2025,FALSE,1611
596,2025,TRUE,1611
607,2025,FALSE,605
607,2025,TRUE,605
613,2025,FALSE,-9100
613,2025,TRUE,0
618,2025,FALSE,810
618,2025,TRUE,810
624,2025,FALSE,4716
624,2025,TRUE,4716
644,2025,FALSE,-188
644,2025,TRUE,0
649,2025,FALSE,0
649,2025,TRUE,0
651,2025,FALSE,1769
651,2025,TRUE,1769
654,2025,FALSE,148792
654,2025,TRUE,148792
664,2025,FALSE,-3386
664,2025,TRUE,0
673,2025,FALSE,-107
673,2025,TRUE,0
678,2025,FALSE,7309
678,2025,TRUE,7309
699,2025,FALSE,231
699,2025,TRUE,31974
711,2025,FALSE,0
711,2025,TRUE,0
727,2025,FALSE,0
727,2025,TRUE,0
731,2025,FALSE,975
731,2025,TRUE,975
737,2025,FALSE,-277
737,2025,TRUE,0
739,2025,FALSE,1076
739,2025,TRUE,1076
2998,2025,FALSE,0
2998,2025,TRUE,0
748,2025,FALSE,-1455
748,2025,TRUE,0
759,2025,FALSE,0
759,2025,TRUE,0
775,2025,FALSE,-31755
775,2025,TRUE,0
784,2025,FALSE,0
784,2025,TRUE,0
785,2025,FALSE,0
785,2025,TRUE,0
787,2025,FALSE,-351
787,2025,TRUE,0.4000000000000057
793,2025,FALSE,3251
793,2025,TRUE,3251
794,2025,FALSE,0
794,2025,TRUE,16500
814,2025,FALSE,0
814,2025,TRUE,0
816,2025,FALSE,14370
816,2025,TRUE,14370
821,2025,FALSE,0
821,2025,TRUE,0
827,2025,FALSE,-933
827,2025,TRUE,0
830,2025,FALSE,0
830,2025,TRUE,0
835,2025,FALSE,5330
835,2025,TRUE,5330
842,2025,FALSE,8286
842,2025,TRUE,8286
851,2025,FALSE,0
851,2025,TRUE,0
856,2025,FALSE,-742
856,2025,TRUE,0
859,2025,FALSE,1536
859,2025,TRUE,1536
866,2025,FALSE,11950
866,2025,TRUE,11950
867,2025,FALSE,5947
867,2025,TRUE,5947
873,2025,FALSE,0
873,2025,TRUE,0
890,2025,FALSE,5674
890,2025,TRUE,5674
904,2025,FALSE,12203
904,2025,TRUE,12203
909,2025,FALSE,3026
909,2025,TRUE,3026
920,2025,FALSE,0
920,2025,TRUE,0
924,2025,FALSE,0
924,2025,TRUE,0
934,2025,FALSE,104407
934,2025,TRUE,104407
967,2025,FALSE,0
967,2025,TRUE,0
972,2025,FALSE,0
972,2025,TRUE,0
977,2025,FALSE,0
977,2025,TRUE,0
990,2025,FALSE,2612
990,2025,TRUE,6069
995,2025,FALSE,8294
995,2025,TRUE,8294
1004,2025,FALSE,-10711
1004,2025,TRUE,0
1005,2025,FALSE,-1155
1005,2025,TRUE,0
1029,2025,FALSE,0
1029,2025,TRUE,0
1030,2025,FALSE,9693
1030,2025,TRUE,9693
1031,2025,FALSE,0
1031,2025,TRUE,0
1032,2025,FALSE,0
1032,2025,TRUE,0
1034,2025,FALSE,-1096
1034,2025,TRUE,0
1036,2025,FALSE,0
1036,2025,TRUE,0
1038,2025,FALSE,0
1038,2025,TRUE,0
1041,2025,FALSE,0
1041,2025,TRUE,0
1049,2025,FALSE,0
1049,2025,TRUE,0
1052,2025,FALSE,0
1052,2025,TRUE,0
1053,2025,FALSE,0
1053,2025,TRUE,0
1054,2025,FALSE,187
1054,2025,TRUE,187
1057,2025,FALSE,0
1057,2025,TRUE,0
1058,2025,FALSE,0
1058,2025,TRUE,0
1059,2025,FALSE,0
1059,2025,TRUE,0
1060,2025,FALSE,0
1060,2025,TRUE,0
1062,2025,FALSE,0
1062,2025,TRUE,0
1068,2025,FALSE,-569
1068,2025,TRUE,2464
1083,2025,FALSE,1422
1083,2025,TRUE,1422
1094,2025,FALSE,7018
1094,2025,TRUE,7018
1109,2025,FALSE,-43
1109,2025,TRUE,0
1110,2025,FALSE,249
1110,2025,TRUE,249
1125,2025,FALSE,2139
1125,2025,TRUE,2139
1142,2025,FALSE,0
1142,2025,TRUE,0
1143,2025,FALSE,-3389
1143,2025,TRUE,0
1144,2025,FALSE,-32
1144,2025,TRUE,-32
1154,2025,FALSE,1715
1154,2025,TRUE,1715
1157,2025,FALSE,-267
1157,2025,TRUE,0
1166,2025,FALSE,0
1166,2025,TRUE,0
1167,2025,FALSE,0
1167,2025,TRUE,0
1181,2025,FALSE,-1761
1181,2025,TRUE,-45
1188,2025,FALSE,-714
1188,2025,TRUE,0
1209,2025,FALSE,4917
1209,2025,TRUE,4917
1210,2025,FALSE,505
1210,2025,TRUE,505
1215,2025,FALSE,0
1215,2025,TRUE,0
1217,2025,FALSE,623
1217,2025,TRUE,1071
1225,2025,FALSE,0
1225,2025,TRUE,111
1234,2025,FALSE,13070
1234,2025,TRUE,13070
1236,2025,FALSE,0
1236,2025,TRUE,0
1238,2025,FALSE,2780
1238,2025,TRUE,2780
1239,2025,FALSE,33123
1239,2025,TRUE,33123
1245,2025,FALSE,98472
1245,2025,TRUE,100891
1270,2025,FALSE,NA
1270,2025,TRUE,NA
1273,2025,FALSE,20869
1273,2025,TRUE,20869
1286,2025,FALSE,-381
1286,2025,TRUE,0
1288,2025,FALSE,-2982
1288,2025,TRUE,0
1324,2025,FALSE,0
1324,2025,TRUE,0
1327,2025,FALSE,0
1327,2025,TRUE,0
1333,2025,FALSE,156
1333,2025,TRUE,156
1335,2025,FALSE,0
1335,2025,TRUE,0
1343,2025,FALSE,717
1343,2025,TRUE,975
1352,2025,FALSE,0
1352,2025,TRUE,808
1368,2025,FALSE,0
1368,2025,TRUE,0
1370,2025,FALSE,2744
1370,2025,TRUE,2744
1371,2025,FALSE,1312
1371,2025,TRUE,1312
1384,2025,FALSE,0
1384,2025,TRUE,0
1388,2025,FALSE,3925
1388,2025,TRUE,3925
1869,2025,FALSE,-625
1869,2025,TRUE,0
1424,2025,FALSE,0
1424,2025,TRUE,0
1425,2025,FALSE,1564
1425,2025,TRUE,1564
1427,2025,FALSE,25100
1427,2025,TRUE,27890
1432,2025,FALSE,145
1432,2025,TRUE,145
1443,2025,FALSE,0
1443,2025,TRUE,0
1444,2025,FALSE,-344
1444,2025,TRUE,0
1450,2025,FALSE,337
1450,2025,TRUE,1804
1452,2025,FALSE,929
1452,2025,TRUE,929
1456,2025,FALSE,1739
1456,2025,TRUE,1965
1459,2025,FALSE,195
1459,2025,TRUE,195
1464,2025,FALSE,30788
1464,2025,TRUE,30788
1473,2025,FALSE,0
1473,2025,TRUE,0
1481,2025,FALSE,39
1481,2025,TRUE,39
1484,2025,FALSE,17001
1484,2025,TRUE,17001
1487,2025,FALSE,0
1487,2025,TRUE,0
1506,2025,FALSE,1739
1506,2025,TRUE,1739
1510,2025,FALSE,0
1510,2025,TRUE,4461
1533,2025,FALSE,-587
1533,2025,TRUE,173
1536,2025,FALSE,-328
1536,2025,TRUE,0
1539,2025,FALSE,4799
1539,2025,TRUE,4799
1546,2025,FALSE,32780
1546,2025,TRUE,32780
1547,2025,FALSE,6603
1547,2025,TRUE,6603
1554,2025,FALSE,-321
1554,2025,TRUE,0
3056,2025,FALSE,912
3056,2025,TRUE,912
1570,2025,FALSE,486
1570,2025,TRUE,486
1587,2025,FALSE,-668
1587,2025,TRUE,0
1589,2025,FALSE,0
1589,2025,TRUE,0
1596,2025,FALSE,0
1596,2025,TRUE,0
1599,2025,FALSE,-223000
1599,2025,TRUE,0
1605,2025,FALSE,-482
1605,2025,TRUE,0
1613,2025,FALSE,-359
1613,2025,TRUE,56
1619,2025,FALSE,-1665
1619,2025,TRUE,0
1626,2025,FALSE,0
1626,2025,TRUE,0
1631,2025,FALSE,2767
1631,2025,TRUE,2767
1632,2025,FALSE,0
1632,2025,TRUE,0
1635,2025,FALSE,8434
1635,2025,TRUE,8434
1639,2025,FALSE,-400
1639,2025,TRUE,0
1642,2025,FALSE,-3916
1642,2025,TRUE,0
1644,2025,FALSE,-241
1644,2025,TRUE,-241
1645,2025,FALSE,-973
1645,2025,TRUE,0
1650,2025,FALSE,-847
1650,2025,TRUE,0
1656,2025,FALSE,10425
1656,2025,TRUE,10425
1660,2025,FALSE,446
1660,2025,TRUE,446
1663,2025,FALSE,0
1663,2025,TRUE,0
4231,2025,FALSE,0
4231,2025,TRUE,0
1671,2025,FALSE,-2412
1671,2025,TRUE,0
1684,2025,FALSE,0
1684,2025,TRUE,0
1697,2025,FALSE,0
1697,2025,TRUE,0
1701,2025,FALSE,1539
1701,2025,TRUE,1539
1718,2025,FALSE,94021
1718,2025,TRUE,94021
1729,2025,FALSE,-97.37
1729,2025,TRUE,0
1730,2025,FALSE,0
1730,2025,TRUE,0
1731,2025,FALSE,640
1731,2025,TRUE,640
1732,2025,FALSE,7590
1732,2025,TRUE,7590
1739,2025,FALSE,-331.78999999999996
1739,2025,TRUE,5.684341886080802e-14
1748,2025,FALSE,5234
1748,2025,TRUE,5234
1752,2025,FALSE,0
1752,2025,TRUE,0
1756,2025,FALSE,1626
1756,2025,TRUE,1626
1765,2025,FALSE,0
1765,2025,TRUE,0
1777,2025,FALSE,0
1777,2025,TRUE,0
1782,2025,FALSE,15106.5
1782,2025,TRUE,15106.5
1792,2025,FALSE,4790
1792,2025,TRUE,4790
1793,2025,FALSE,0
1793,2025,TRUE,0
1795,2025,FALSE,-11400
1795,2025,TRUE,0
1797,2025,FALSE,0
1797,2025,TRUE,0
1803,2025,FALSE,0
1803,2025,TRUE,0
1804,2025,FALSE,-171
1804,2025,TRUE,0
1821,2025,FALSE,0
1821,2025,TRUE,0
1827,2025,FALSE,0
1827,2025,TRUE,0
1838,2025,FALSE,0
1838,2025,TRUE,0
1849,2025,FALSE,4460
1849,2025,TRUE,4460
1851,2025,FALSE,-5528
1851,2025,TRUE,0
1859,2025,FALSE,2114
1859,2025,TRUE,2114
1866,2025,FALSE,-190
1866,2025,TRUE,0
1873,2025,FALSE,4783
1873,2025,TRUE,6094
1875,2025,FALSE,0
1875,2025,TRUE,0
1877,2025,FALSE,665
1877,2025,TRUE,665
1894,2025,FALSE,0
1894,2025,TRUE,0
1896,2025,FALSE,0
1896,2025,TRUE,0
1899,2025,FALSE,47799
1899,2025,TRUE,47799
1900,2025,FALSE,-54
1900,2025,TRUE,0
1923,2025,FALSE,262
1923,2025,TRUE,262
1925,2025,FALSE,5
1925,2025,TRUE,5
1927,2025,FALSE,103375
1927,2025,TRUE,103375
1940,2025,FALSE,0
1940,2025,TRUE,0
1945,2025,FALSE,-4367
1945,2025,TRUE,0
1953,2025,FALSE,0
1953,2025,TRUE,0
1954,2025,FALSE,2489
1954,2025,TRUE,2489
1956,2025,FALSE,3089
1956,2025,TRUE,3089
1964,2025,FALSE,0
1964,2025,TRUE,0
1983,2025,FALSE,0
1983,2025,TRUE,0
1990,2025,FALSE,4745
1990,2025,TRUE,4745
1996,2025,FALSE,519
1996,2025,TRUE,519
2000,2025,FALSE,184
2000,2025,TRUE,184
2031,2025,FALSE,0
2031,2025,TRUE,0
2033,2025,FALSE,3101
2033,2025,TRUE,3101
2035,2025,FALSE,4453
2035,2025,TRUE,4453
2037,2025,FALSE,-4143.177970000001
2037,2025,TRUE,-9.094947017729282e-13
2042,2025,FALSE,0
2042,2025,TRUE,0
2049,2025,FALSE,1822
2049,2025,TRUE,1822
2057,2025,FALSE,0
2057,2025,TRUE,0
2060,2025,FALSE,0
2060,2025,TRUE,0
2063,2025,FALSE,0
2063,2025,TRUE,0
2074,2025,FALSE,11294
2074,2025,TRUE,11942
2083,2025,FALSE,13057
2083,2025,TRUE,13057
2087,2025,FALSE,750
2087,2025,TRUE,750
2103,2025,FALSE,3288
2103,2025,TRUE,3288
2107,2025,FALSE,-222
2107,2025,TRUE,-1
2111,2025,FALSE,-1647
2111,2025,TRUE,5012
2115,2025,FALSE,-1322
2115,2025,TRUE,0
2118,2025,FALSE,0
2118,2025,TRUE,0
2119,2025,FALSE,532
2119,2025,TRUE,532
2122,2025,FALSE,0
2122,2025,TRUE,0
2130,2025,FALSE,196363
2130,2025,TRUE,196363
2132,2025,FALSE,53369
2132,2025,TRUE,53369
2140,2025,FALSE,1816
2140,2025,TRUE,1816
2146,2025,FALSE,0
2146,2025,TRUE,0
2149,2025,FALSE,-714
2149,2025,TRUE,0
2150,2025,FALSE,8016
2150,2025,TRUE,8016
2154,2025,FALSE,0
2154,2025,TRUE,0
2891,2025,FALSE,0
2891,2025,TRUE,0
2156,2025,FALSE,0
2156,2025,TRUE,0
2157,2025,FALSE,193365
2157,2025,TRUE,193365
2158,2025,FALSE,872
2158,2025,TRUE,872
2159,2025,FALSE,0
2159,2025,TRUE,0
2160,2025,FALSE,0
2160,2025,TRUE,0
2161,2025,FALSE,129896
2161,2025,TRUE,129896
2162,2025,FALSE,0
2162,2025,TRUE,0
2163,2025,FALSE,660
2163,2025,TRUE,660
2164,2025,FALSE,-25210
2164,2025,TRUE,0
2165,2025,FALSE,-785
2165,2025,TRUE,0
3994,2025,FALSE,-13042
3994,2025,TRUE,-13042
2167,2025,FALSE,-3226
2167,2025,TRUE,0
2166,2025,FALSE,0
2166,2025,TRUE,0
2168,2025,FALSE,0
2168,2025,TRUE,0
2169,2025,FALSE,-340
2169,2025,TRUE,0
2174,2025,FALSE,-2364
2174,2025,TRUE,0
2175,2025,FALSE,0
2175,2025,TRUE,0
2179,2025,FALSE,3910
2179,2025,TRUE,3910
2180,2025,FALSE,0
2180,2025,TRUE,0
2182,2025,FALSE,3462
2182,2025,TRUE,3462
2184,2025,FALSE,-853
2184,2025,TRUE,0
2205,2025,FALSE,-127
2205,2025,TRUE,0
2207,2025,FALSE,0
2207,2025,TRUE,0
2209,2025,FALSE,13660
2209,2025,TRUE,13660
2210,2025,FALSE,10213
2210,2025,TRUE,10213
2211,2025,FALSE,11000
2211,2025,TRUE,11000
4993,2025,FALSE,-1190
4993,2025,TRUE,20870
2213,2025,FALSE,-720
2213,2025,TRUE,0
2214,2025,FALSE,0
2214,2025,TRUE,25
2215,2025,FALSE,-363
2215,2025,TRUE,0
2217,2025,FALSE,11799
2217,2025,TRUE,11799
2218,2025,FALSE,0
2218,2025,TRUE,0
2220,2025,FALSE,-702
2220,2025,TRUE,2874
2222,2025,FALSE,1704
2222,2025,TRUE,1704
2224,2025,FALSE,1000
2224,2025,TRUE,1000
2237,2025,FALSE,189
2237,2025,TRUE,189
2241,2025,FALSE,0
2241,2025,TRUE,0
2251,2025,FALSE,0
2251,2025,TRUE,0
2260,2025,FALSE,18
2260,2025,TRUE,201
2273,2025,FALSE,-1672
2273,2025,TRUE,1267
2290,2025,FALSE,-88
2290,2025,TRUE,0
2298,2025,FALSE,38
2298,2025,TRUE,38
2323,2025,FALSE,145753
2323,2025,TRUE,145753
2326,2025,FALSE,1020
2326,2025,TRUE,1020
2328,2025,FALSE,0
2328,2025,TRUE,0
2330,2025,FALSE,0
2330,2025,TRUE,0
2334,2025,FALSE,0
2334,2025,TRUE,0
2337,2025,FALSE,74164
2337,2025,TRUE,74422
2341,2025,FALSE,3728
2341,2025,TRUE,3728
2343,2025,FALSE,0
2343,2025,TRUE,0
2345,2025,FALSE,-581
2345,2025,TRUE,0
2346,2025,FALSE,0
2346,2025,TRUE,0
2348,2025,FALSE,7277
2348,2025,TRUE,7277
2381,2025,FALSE,42511
2381,2025,TRUE,42511
2382,2025,FALSE,-92802
2382,2025,TRUE,0
2401,2025,FALSE,12573
2401,2025,TRUE,12573
2402,2025,FALSE,3281
2402,2025,TRUE,3281
2405,2025,FALSE,0
2405,2025,TRUE,0
2419,2025,FALSE,-447
2419,2025,TRUE,0
2424,2025,FALSE,-714
2424,2025,TRUE,0
2425,2025,FALSE,2642
2425,2025,TRUE,2642
2432,2025,FALSE,1307
2432,2025,TRUE,1307
2437,2025,FALSE,0
2437,2025,TRUE,0
2438,2025,FALSE,156
2438,2025,TRUE,363
2444,2025,FALSE,617
2444,2025,TRUE,617
1408,2025,FALSE,1128
1408,2025,TRUE,1128
2457,2025,FALSE,721
2457,2025,TRUE,821
NA,2025,FALSE,1
NA,2025,TRUE,40
NA,2025,FALSE,-90000
NA,2025,TRUE,0
440,2025,FALSE,NA
440,2025,TRUE,NA
2466,2025,FALSE,5930
2466,2025,TRUE,5930
2469,2025,FALSE,0
2469,2025,TRUE,0
2473,2025,FALSE,9350
2473,2025,TRUE,9350
2487,2025,FALSE,11283
2487,2025,TRUE,11283
2490,2025,FALSE,0
2490,2025,TRUE,0
2496,2025,FALSE,2160
2496,2025,TRUE,2160
2510,2025,FALSE,-99
2510,2025,TRUE,126
2512,2025,FALSE,5301
2512,2025,TRUE,5301
2516,2025,FALSE,-1667
2516,2025,TRUE,0
2523,2025,FALSE,5147
2523,2025,TRUE,5147
2524,2025,FALSE,2196
2524,2025,TRUE,2196
2528,2025,FALSE,0
2528,2025,TRUE,0
2530,2025,FALSE,3941
2530,2025,TRUE,3941
2536,2025,FALSE,8556
2536,2025,TRUE,8854
2540,2025,FALSE,0
2540,2025,TRUE,0
2541,2025,FALSE,0
2541,2025,TRUE,0
2543,2025,FALSE,-31846
2543,2025,TRUE,-26475
2597,2025,FALSE,3152
2597,2025,TRUE,6876
2602,2025,FALSE,0
2602,2025,TRUE,0
2603,2025,FALSE,327
2603,2025,TRUE,327
2604,2025,FALSE,0
2604,2025,TRUE,0
2605,2025,FALSE,220
2605,2025,TRUE,220
2610,2025,FALSE,204
2610,2025,TRUE,204
2618,2025,FALSE,878
2618,2025,TRUE,878
2626,2025,FALSE,-453
2626,2025,TRUE,547
2629,2025,FALSE,4448
2629,2025,TRUE,4448
2631,2025,FALSE,1614
2631,2025,TRUE,1614
2633,2025,FALSE,1139
2633,2025,TRUE,1139
2635,2025,FALSE,0
2635,2025,TRUE,0
2649,2025,FALSE,0
2649,2025,TRUE,0
2661,2025,FALSE,34
2661,2025,TRUE,34
2662,2025,FALSE,1004
2662,2025,TRUE,1004
2667,2025,FALSE,-3115
2667,2025,TRUE,0
2669,2025,FALSE,13173
2669,2025,TRUE,14378
2675,2025,FALSE,0
2675,2025,TRUE,0
2679,2025,FALSE,-10220
2679,2025,TRUE,0
2683,2025,FALSE,13428
2683,2025,TRUE,13428
2690,2025,FALSE,3759
2690,2025,TRUE,3759
2691,2025,FALSE,-160
2691,2025,TRUE,0
2697,2025,FALSE,4729
2697,2025,TRUE,4729
2704,2025,FALSE,0
2704,2025,TRUE,0
2723,2025,FALSE,-97
2723,2025,TRUE,0
2751,2025,FALSE,-1843
2751,2025,TRUE,0
2766,2025,FALSE,15403
2766,2025,TRUE,15403
4811,2025,FALSE,11029
4811,2025,TRUE,11029
2782,2025,FALSE,0
2782,2025,TRUE,0
2789,2025,FALSE,5158
2789,2025,TRUE,5158
2790,2025,FALSE,7563
2790,2025,TRUE,7563
2793,2025,FALSE,46630
2793,2025,TRUE,46630
