pwsid,population
CA0103040,50
CA0103041,459
CA0105008,524
CA0105009,50
CA0110001,344855
CA0110003,60215
CA0110005,1430200
CA0110006,159293
CA0110008,79871
CA0110009,98776
CA0110010,40
CA0110011,35672
CA0110012,342
CA0110016,1500
CA0110018,1
CA0202501,100
CA0202503,50
CA0202504,25
CA0202522,70
CA0202599,35
CA0210001,625
CA0210002,7851
CA0300010,221
CA0300011,40
CA0300016,103
CA0300019,100
CA0300024,62
CA0300037,3553
CA0300053,44
CA0300062,299
CA0300078,40
CA0310001,4786
CA0310002,7227
CA0310003,4940
CA0310004,1060
CA0310005,1141
CA0310006,574
CA0310008,781
CA0310011,838
CA0310012,8791
CA0310018,230
CA0310019,188
CA0310021,2402
CA0400001,150
CA0400003,41
CA0400004,119
CA0400007,399
CA0400008,290
CA0400012,460
CA0400013,90
CA0400014,297
CA0400016,28
CA0400019,76
CA0400020,327
CA0400021,20
CA0400023,75
CA0400026,50
CA0400027,180
CA0400030,275
CA0400040,253
CA0400042,28
CA0400051,220
CA0400060,25
CA0400062,63
CA0400063,295
CA0400064,115
CA0400065,70
CA0400067,34
CA0400073,66
CA0400078,46
CA0400079,125
CA0400090,40
CA0400091,103
CA0400123,58
CA0400149,55
CA0400151,160
CA0400155,25
CA0400162,600
CA0405001,868
CA0409181,81
CA0409183,120
CA0410001,2060
CA0410002,110512
CA0410003,1581
CA0410004,7356
CA0410005,11056
CA0410006,22727
CA0410007,6518
CA0410008,12136
CA0410009,320
CA0410011,10900
CA0410012,76
CA0410018,518
CA0500019,67
CA0500027,99
CA0500068,99
CA0500075,30
CA0500082,288
CA0500085,200
CA0500091,150
CA0500095,85
CA0510001,4774
CA0510002,6286
CA0510003,3836
CA0510004,89
CA0510005,1043
CA0510006,9861
CA0510009,4793
CA0510010,900
CA0510011,361
CA0510012,666
CA0510016,11545
CA0510017,5187
CA0510019,255
CA0600005,250
CA0600008,305
CA0600012,246
CA0600013,382
CA0605011,185
CA0610001,2778
CA0610002,6208
CA0610003,1175
CA0610004,5538
CA0706004,170
CA0706005,140
CA0706028,350
CA0706029,600
CA0707501,60
CA0707507,380
CA0707517,32
CA0707519,49
CA0707523,200
CA0707545,350
CA0707547,73
CA0707553,126
CA0707556,100
CA0707569,99
CA0707572,123
CA0707573,333
CA0707575,185
CA0707576,644
CA0707577,230
CA0707585,66
CA0707588,156
CA0707589,93
CA0707594,45
CA0707597,67
CA0707598,210
CA0707601,110
CA0707603,549
CA0707608,75
CA0707613,481
CA0707615,132
CA0707620,238
CA0707623,31
CA0710001,115074
CA0710002,23693
CA0710003,198000
CA0710004,64342
CA0710006,28518
CA0710007,43357
CA0710008,62500
CA0710009,16790
CA0710010,1
CA0710011,1
CA0800526,200
CA0800532,650
CA0800548,360
CA0800552,250
CA0800555,785
CA0800556,185
CA0800557,96
CA0800603,67
CA0800605,112
CA0800647,421
CA0800649,120
CA0800700,120
CA0800800,100
CA0800825,58
CA0810001,16711
CA0810002,2568
CA0810003,2489
CA0900102,134
CA0900111,227
CA0900112,75
CA0900210,120
CA0900300,150
CA0900304,25
CA0900308,79
CA0900309,125
CA0900404,75
CA0900410,65
CA0900422,112
CA0901217,100
CA0910001,131527
CA0910002,109414
CA0910003,9224
CA0910006,1093
CA0910007,3267
CA0910012,703
CA0910013,9409
CA0910015,1420
CA0910017,400
CA0910018,535
CA0910019,2648
CA1000004,264
CA1000005,72
CA1000018,302
CA1000019,241
CA1000021,417
CA1000023,115
CA1000039,132
CA1000040,129
CA1000041,176
CA1000042,196
CA1000053,541
CA1000054,375
CA1000056,240
CA1000057,92
CA1000063,120
CA1000069,345
CA1000075,25
CA1000078,291
CA1000104,643
CA1000105,728
CA1000111,100
CA1000180,389
CA1000181,215
CA1000182,181
CA1000184,454
CA1000185,380
CA1000186,105
CA1000187,511
CA1000189,150
CA1000190,700
CA1000192,200
CA1000193,367
CA1000194,490
CA1000196,461
CA1000198,236
CA1000199,46
CA1000200,36
CA1000201,650
CA1000204,250
CA1000206,242
CA1000208,582
CA1000213,98
CA1000217,870
CA1000221,1000
CA1000229,350
CA1000238,75
CA1000244,160
CA1000247,48
CA1000257,47
CA1000259,82
CA1000260,80
CA1000265,63
CA1000267,120
CA1000277,64
CA1000280,720
CA1000295,160
CA1000298,300
CA1000299,347
CA1000315,275
CA1000316,119
CA1000324,170
CA1000345,146
CA1000359,462
CA1000366,275
CA1000367,2225
CA1000369,100
CA1000377,183
CA1000378,350
CA1000405,36
CA1000416,450
CA1000426,400
CA1000430,59
CA1000471,395
CA1000472,40
CA1000476,750
CA1000484,876
CA1000546,440
CA1000550,344
CA1000551,182
CA1000554,81
CA1000555,34
CA1000570,565
CA1000577,41
CA1000583,39
CA1000585,25
CA1000627,62
CA1009020,98
CA1009023,85
CA1009027,140
CA1009028,182
CA1009039,27
CA1009051,52
CA1009078,222
CA1009111,126
CA1009120,105
CA1009179,76
CA1009214,72
CA1009222,80
CA1009232,82
CA1010001,17393
CA1010003,125722
CA1010004,17277
CA1010005,7619
CA1010006,7100
CA1010007,545466
CA1010013,2427
CA1010017,2722
CA1010018,16995
CA1010019,12380
CA1010020,1551
CA1010021,11404
CA1010023,9780
CA1010024,26360
CA1010025,14576
CA1010026,14000
CA1010027,25227
CA1010028,3573
CA1010029,26241
CA1010030,807
CA1010034,4060
CA1010035,1413
CA1010039,2503
CA1010042,5979
CA1010044,9306
CA1010049,1623
CA1010051,772
CA1010052,850
CA1010053,1230
CA1010055,1988
CA1010062,274
CA1010339,41000
CA1010501,2950
CA1010800,60
CA1100104,45
CA1100203,200
CA1100237,190
CA1100254,27
CA1100404,281
CA1100413,40
CA1100436,186
CA1100440,205
CA1100444,300
CA1100445,178
CA1100448,250
CA1100452,62
CA1100527,230
CA1100616,159
CA1100711,75
CA1100749,80
CA1110001,8252
CA1110002,1758
CA1110003,7240
CA1200501,219
CA1200518,333
CA1200522,42
CA1200538,330
CA1200541,300
CA1200544,116
CA1200546,50
CA1200547,85
CA1200553,456
CA1200566,85
CA1200587,75
CA1200588,60
CA1200590,33
CA1200591,70
CA1200592,112
CA1200643,67
CA1200671,399
CA1200681,165
CA1200684,50
CA1200687,60
CA1200701,396
CA1200706,130
CA1200707,492
CA1200715,250
CA1200718,75
CA1200729,636
CA1200778,50
CA1200817,40
CA1206002,64
CA1206004,320
CA1210001,20359
CA1210002,1245
CA1210004,27078
CA1210006,12133
CA1210007,2574
CA1210008,913
CA1210009,19726
CA1210010,906
CA1210011,1207
CA1210012,3300
CA1210013,680
CA1210015,1298
CA1210016,16900
CA1210017,750
CA1210018,1072
CA1210019,1412
CA1210020,1845
CA1210021,927
CA1210022,803
CA1210023,937
CA1210024,490
CA1300009,151
CA1300018,1800
CA1300513,150
CA1300514,125
CA1300546,50
CA1300550,600
CA1300553,142
CA1300554,550
CA1300555,175
CA1300556,85
CA1300560,217
CA1300572,70
CA1300575,101
CA1300579,1369
CA1300588,37
CA1300616,410
CA1300620,630
CA1300622,198
CA1300626,650
CA1300628,40
CA1300629,29
CA1300664,25
CA1310001,26928
CA1310002,40357
CA1310003,7412
CA1310004,44158
CA1310005,6355
CA1310006,21347
CA1310007,6979
CA1310008,2202
CA1310013,1729
CA1310700,1944
CA1310800,4800
CA1310801,3800
CA1400002,231
CA1400004,242
CA1400005,311
CA1400006,240
CA1400007,600
CA1400010,1225
CA1400019,80
CA1400020,23
CA1400024,25
CA1400025,70
CA1400026,90
CA1400027,132
CA1400030,468
CA1400031,65
CA1400034,175
CA1400036,66
CA1400037,54
CA1400045,73
CA1400056,59
CA1400059,126
CA1400064,253
CA1400066,60
CA1400070,138
CA1400072,70
CA1400078,38
CA1400098,40
CA1400099,182
CA1400109,42
CA1400110,188
CA1400111,764
CA1400135,105
CA1400144,73
CA1400155,32
CA1400511,22
CA1400518,25
CA1400522,35
CA1410001,3819
CA1410002,0
CA1410003,0
CA1410004,0
CA1410005,1030
CA1410006,792
CA1410007,1400
CA1410008,669
CA1410009,1835
CA1410502,175
CA1410503,88
CA1410505,150
CA1410510,0
CA1410800,92
CA1500096,126
CA1500152,26
CA1500209,143
CA1500211,433
CA1500231,849
CA1500251,272
CA1500252,130
CA1500289,150
CA1500290,270
CA1500296,545
CA1500314,297
CA1500324,92
CA1500327,34
CA1500333,171
CA1500336,45
CA1500340,150
CA1500341,60
CA1500344,32
CA1500349,200
CA1500364,75
CA1500371,208
CA1500374,149
CA1500378,150
CA1500393,238
CA1500398,32
CA1500401,157
CA1500404,68
CA1500405,87
CA1500406,632
CA1500407,227
CA1500409,462
CA1500413,132
CA1500424,174
CA1500426,65
CA1500436,74
CA1500442,31
CA1500443,465
CA1500447,150
CA1500448,36
CA1500449,56
CA1500452,750
CA1500455,56
CA1500458,67
CA1500459,82
CA1500461,68
CA1500465,123
CA1500466,710
CA1500475,504
CA1500478,386
CA1500481,877
CA1500483,195
CA1500485,60
CA1500489,89
CA1500493,200
CA1500494,66
CA1500507,105
CA1500516,32
CA1500518,38
CA1500525,120
CA1500535,200
CA1500540,109
CA1500542,275
CA1500543,50
CA1500544,365
CA1500546,138
CA1500550,70
CA1500553,62
CA1500554,87
CA1500555,200
CA1500556,56
CA1500557,393
CA1500560,42
CA1500561,50
CA1500563,198
CA1500564,25
CA1500566,26
CA1500569,97
CA1500571,73
CA1500575,165
CA1500578,122
CA1500579,27
CA1500584,90
CA1500585,100
CA1500588,438
CA1500591,47
CA1500593,80
CA1500599,44
CA1502056,90
CA1502068,238
CA1502074,550
CA1502154,800
CA1502164,54
CA1502221,250
CA1502229,887
CA1502231,940
CA1502232,175
CA1502247,82
CA1502260,154
CA1502315,225
CA1502320,2800
CA1502383,32
CA1502449,44
CA1502465,45
CA1502545,27
CA1502564,68
CA1502569,35
CA1502600,64
CA1502607,60
CA1502608,79
CA1502619,28
CA1502620,48
CA1502622,50
CA1502629,39
CA1502645,32
CA1502653,150
CA1502659,40
CA1502663,73
CA1502670,240
CA1502690,119
CA1502699,35
CA1502744,39
CA1502750,40
CA1503140,500
CA1503226,188
CA1503270,500
CA1503329,148
CA1503368,204
CA1503475,380
CA1503509,35
CA1503526,29
CA1503536,100
CA1503669,28
CA1503683,100
CA1503684,36
CA1510001,19669
CA1510002,2253
CA1510003,266213
CA1510004,900
CA1510005,51428
CA1510006,32517
CA1510007,2691
CA1510009,2500
CA1510011,1508
CA1510012,19057
CA1510013,15506
CA1510014,4699
CA1510015,39756
CA1510016,303
CA1510017,39478
CA1510018,17516
CA1510019,21036
CA1510020,9094
CA1510021,22608
CA1510022,19832
CA1510023,1103
CA1510024,11411
CA1510025,4831
CA1510026,310
CA1510027,968
CA1510028,1600
CA1510029,36644
CA1510031,156770
CA1510032,14198
CA1510033,2602
CA1510036,805
CA1510038,5592
CA1510039,1125
CA1510040,0
CA1510042,777
CA1510043,288
CA1510045,9808
CA1510046,1726
CA1510049,297
CA1510051,1379
CA1510052,716
CA1510053,0
CA1510054,642
CA1510055,22620
CA1510056,744
CA1510701,12355
CA1510703,4800
CA1510800,4526
CA1510801,5042
CA1510802,5000
CA1600002,400
CA1600009,175
CA1600011,750
CA1600013,388
CA1600015,908
CA1600017,416
CA1600023,73
CA1600293,50
CA1600507,69
CA1610001,4143
CA1610002,13819
CA1610003,62127
CA1610004,21835
CA1610005,27038
CA1610006,1277
CA1610007,1750
CA1610009,1136
CA1610700,14000
CA1700502,373
CA1700508,300
CA1700518,693
CA1700519,30
CA1700527,40
CA1700536,83
CA1700546,252
CA1700549,150
CA1700554,469
CA1700561,86
CA1700568,550
CA1700579,60
CA1700580,50
CA1700584,104
CA1700589,32
CA1700592,277
CA1700595,255
CA1700596,65
CA1700606,70
CA1700609,73
CA1700610,152
CA1700630,152
CA1700657,25
CA1700674,200
CA1700702,56
CA1710001,2359
CA1710002,4617
CA1710003,9510
CA1710004,4762
CA1710005,2174
CA1710006,5928
CA1710007,4092
CA1710008,2731
CA1710009,989
CA1710010,1355
CA1710011,1508
CA1710012,3308
CA1710013,1481
CA1710014,4360
CA1710015,6235
CA1710018,1601
CA1710021,4145
CA1710022,2003
CA1710800,100
CA1800503,140
CA1800511,565
CA1800512,400
CA1800516,70
CA1800522,25
CA1800523,80
CA1800524,62
CA1800529,316
CA1800534,300
CA1800573,247
CA1800574,238
CA1800575,248
CA1800576,196
CA1800577,425
CA1805004,8641
CA1805007,2114
CA1810001,7811
CA1810002,1662
CA1810003,450
CA1810004,950
CA1900007,107
CA1900038,60
CA1900046,7000
CA1900055,40
CA1900062,184
CA1900074,57
CA1900075,50
CA1900100,158
CA1900102,495
CA1900130,700
CA1900145,76
CA1900146,326
CA1900154,75
CA1900155,129
CA1900158,55
CA1900301,450
CA1900303,276
CA1900520,71
CA1900523,749
CA1900529,80
CA1900537,109
CA1900541,198
CA1900542,44
CA1900555,29
CA1900563,1100
CA1900599,25
CA1900616,35
CA1900636,215
CA1900649,450
CA1900693,140
CA1900707,450
CA1900717,28
CA1900721,140
CA1900750,825
CA1900751,650
CA1900767,70
CA1900785,24
CA1900794,445
CA1900801,34
CA1900803,660
CA1900804,98
CA1900808,80
CA1900809,571
CA1900817,131
CA1900843,372
CA1900849,524
CA1900868,35
CA1900886,550
CA1900901,125
CA1900903,162
CA1900907,540
CA1900913,535
CA1900936,158
CA1900942,175
CA1900961,56
CA1900975,99
CA1907014,100
CA1907028,211
CA1909006,782
CA1910001,83750
CA1910002,3134
CA1910003,44738
CA1910004,50230
CA1910005,12620
CA1910006,4096
CA1910007,110044
CA1910009,68714
CA1910010,1430
CA1910011,54309
CA1910012,1129
CA1910013,46300
CA1910017,135022
CA1910018,5999
CA1910019,49578
CA1910020,9949
CA1910021,23802
CA1910022,36455
CA1910023,1003
CA1910024,39279
CA1910025,870
CA1910026,74877
CA1910027,621
CA1910028,32665
CA1910029,6111
CA1910030,38029
CA1910032,0
CA1910033,143464
CA1910034,109946
CA1910035,1953
CA1910036,151902
CA1910038,22968
CA1910039,254300
CA1910040,16898
CA1910041,0
CA1910042,40600
CA1910043,201334
CA1910044,52558
CA1910045,0
CA1910046,5249
CA1910047,44729
CA1910048,0
CA1910049,15275
CA1910050,4207
CA1910051,82041
CA1910052,20859
CA1910053,686
CA1910054,9300
CA1910056,1790
CA1910059,56793
CA1910060,8213
CA1910061,4847
CA1910062,32206
CA1910063,16126
CA1910064,2985
CA1910065,460682
CA1910066,325
CA1910067,3868811
CA1910070,204393
CA1910072,10615
CA1910073,20256
CA1910075,579
CA1910077,62970
CA1910079,66967
CA1910081,2300
CA1910083,34668
CA1910084,5500
CA1910085,6349
CA1910086,9500
CA1910087,0
CA1910090,37787
CA1910091,26554
CA1910092,62183
CA1910096,17154
CA1910098,42997
CA1910099,360
CA1910101,25000
CA1910102,126994
CA1910103,5507
CA1910104,70819
CA1910105,55200
CA1910108,11292
CA1910117,5300
CA1910124,170950
CA1910125,22051
CA1910126,151713
CA1910127,33300
CA1910128,0
CA1910130,19100
CA1910134,96657
CA1910139,47731
CA1910140,9600
CA1910142,56426
CA1910143,23946
CA1910144,45000
CA1910146,93076
CA1910147,4385
CA1910148,11000
CA1910149,11795
CA1910152,76443
CA1910153,15021
CA1910154,25329
CA1910155,275369
CA1910156,40856
CA1910157,25252
CA1910158,548
CA1910159,14000
CA1910160,3132
CA1910161,24171
CA1910163,7775
CA1910165,4604
CA1910166,10070
CA1910167,28000
CA1910169,16180
CA1910173,49954
CA1910174,66045
CA1910179,105451
CA1910185,5701
CA1910186,24703
CA1910189,9349
CA1910191,17790
CA1910194,54660
CA1910195,8016
CA1910199,0
CA1910200,1437
CA1910203,11183
CA1910204,32719
CA1910205,168843
CA1910211,72964
CA1910212,26688
CA1910213,106183
CA1910218,5682
CA1910223,25907
CA1910225,72602
CA1910234,100449
CA1910239,63066
CA1910240,110329
CA1910241,2336
CA1910242,958
CA1910243,905
CA1910244,1190
CA1910245,19219
CA1910246,1500
CA1910247,9967
CA1910248,4929
CA1910249,1362
CA1910250,15713
CA1910255,6453
CA1910801,100
CA2000202,551
CA2000206,736
CA2000293,300
CA2000501,42
CA2000502,250
CA2000504,202
CA2000506,200
CA2000509,137
CA2000511,45
CA2000512,250
CA2000521,498
CA2000524,175
CA2000526,74
CA2000527,110
CA2000529,50
CA2000530,80
CA2000533,120
CA2000534,45
CA2000538,137
CA2000544,162
CA2000549,239
CA2000551,200
CA2000552,150
CA2000553,48
CA2000554,568
CA2000557,100
CA2000561,264
CA2000567,862
CA2000573,40
CA2000589,30
CA2000592,35
CA2000593,138
CA2000595,450
CA2000597,271
CA2000598,177
CA2000600,664
CA2000601,251
CA2000602,66
CA2000605,38
CA2000607,150
CA2000608,106
CA2000611,441
CA2000612,500
CA2000616,354
CA2000647,80
CA2000688,100
CA2000690,375
CA2000692,150
CA2000724,100
CA2000727,84
CA2000728,350
CA2000729,135
CA2000737,100
CA2000757,300
CA2000760,353
CA2000775,370
CA2000800,50
CA2000828,23
CA2000832,450
CA2000840,48
CA2000844,485
CA2000846,250
CA2000848,143
CA2000849,150
CA2000851,150
CA2000865,75
CA2000947,450
CA2010001,13576
CA2010002,66172
CA2010003,4527
CA2010004,1637
CA2010005,6224
CA2010006,1789
CA2010007,6865
CA2010008,3172
CA2010009,1107
CA2010010,6428
CA2010011,1562
CA2010012,310
CA2010013,83
CA2010014,1023
CA2010016,2944
CA2010017,2640
CA2010800,2293
CA2010801,2968
CA2100508,336
CA2100519,206
CA2100538,227
CA2100545,212
CA2100549,35
CA2100560,265
CA2100565,75
CA2100579,43
CA2100582,40
CA2110001,1445
CA2110002,193937
CA2110003,61683
CA2110004,583
CA2110005,2483
CA2110006,1700
CA2110007,396
CA2110008,946
CA2110350,18447
CA2110502,1560
CA2210001,2000
CA2210002,798
CA2210503,1000
CA2210510,150
CA2210515,635
CA2210851,60
CA2210900,656
CA2210901,193
CA2210903,275
CA2210905,286
CA2210906,284
CA2210907,159
CA2210908,84
CA2210909,117
CA2210910,471
CA2210921,74
CA2210924,420
CA2210925,130
CA2300502,56
CA2300506,100
CA2300507,548
CA2300514,380
CA2300545,78
CA2300584,579
CA2300590,160
CA2300591,310
CA2300596,36
CA2300604,56
CA2300605,250
CA2300606,90
CA2300609,50
CA2300610,188
CA2300634,250
CA2300638,150
CA2300644,280
CA2300646,80
CA2300663,42
CA2300667,157
CA2300668,42
CA2300705,38
CA2300708,235
CA2300717,124
CA2300730,369
CA2300731,400
CA2300735,50
CA2300743,560
CA2300755,309
CA2300764,300
CA2300770,350
CA2300785,100
CA2300826,75
CA2300829,186
CA2300830,289
CA2300832,79
CA2300837,75
CA2300846,25
CA2300847,60
CA2300863,73
CA2300874,50
CA2300892,30
CA2301010,90
CA2310001,6970
CA2310002,2554
CA2310003,16607
CA2310004,6175
CA2310005,3797
CA2310006,5500
CA2310007,2593
CA2310008,5200
CA2310009,3632
CA2310010,1076
CA2310011,2000
CA2310012,254
CA2310013,667
CA2400046,367
CA2400053,137
CA2400062,64
CA2400064,284
CA2400065,120
CA2400066,567
CA2400071,321
CA2400075,219
CA2400079,991
CA2400084,36
CA2400091,325
CA2400097,155
CA2400099,100
CA2400113,290
CA2400122,120
CA2400128,64
CA2400134,118
CA2400148,153
CA2400167,238
CA2400172,800
CA2400201,156
CA2400209,300
CA2400211,54
CA2400219,36
CA2410001,29479
CA2410002,7452
CA2410003,5945
CA2410004,14894
CA2410005,46639
CA2410006,7784
CA2410007,4500
CA2410008,5669
CA2410009,92058
CA2410010,9500
CA2410011,1739
CA2410012,5504
CA2410018,2211
CA2410700,1650
CA2500503,862
CA2500513,53
CA2500801,629
CA2500911,118
CA2510001,2715
CA2510002,600
CA2600501,150
CA2600532,70
CA2600538,310
CA2600546,175
CA2600547,230
CA2600568,26
CA2600570,216
CA2600620,505
CA2600621,142
CA2600622,84
CA2600699,45
CA2600714,86
CA2600733,65
CA2610001,8234
CA2610002,2763
CA2610003,851
CA2610004,2810
CA2610005,672
CA2610700,1200
CA2610701,325
CA2700503,126
CA2700509,92
CA2700511,928
CA2700522,400
CA2700523,40
CA2700534,198
CA2700535,56
CA2700536,45
CA2700541,55
CA2700547,56
CA2700548,120
CA2700552,579
CA2700577,694
CA2700579,60
CA2700586,535
CA2700589,73
CA2700594,174
CA2700606,65
CA2700612,162
CA2700622,35
CA2700624,59
CA2700629,75
CA2700634,70
CA2700638,48
CA2700656,67
CA2700662,65
CA2700663,66
CA2700665,105
CA2700669,32
CA2700674,180
CA2700678,42
CA2700682,206
CA2700686,65
CA2700687,120
CA2700691,50
CA2700702,277
CA2700705,655
CA2700709,100
CA2700713,184
CA2700727,300
CA2700728,575
CA2700731,62
CA2700733,49
CA2700738,100
CA2700740,45
CA2700766,78
CA2700771,200
CA2700772,166
CA2700773,880
CA2700775,48
CA2700787,438
CA2700792,95
CA2700799,92
CA2700837,65
CA2700838,90
CA2700842,40
CA2700964,100
CA2700970,36
CA2701034,75
CA2701036,60
CA2701040,72
CA2701046,126
CA2701063,65
CA2701068,86
CA2701202,1139
CA2701221,250
CA2701241,91
CA2701254,584
CA2701257,30
CA2701263,35
CA2701278,58
CA2701279,129
CA2701280,550
CA2701295,246
CA2701355,126
CA2701364,273
CA2701367,63
CA2701403,36
CA2701423,45
CA2701452,243
CA2701498,75
CA2701503,90
CA2701515,402
CA2701553,216
CA2701570,105
CA2701589,45
CA2701633,48
CA2701647,56
CA2701658,130
CA2701670,81
CA2701676,315
CA2701687,128
CA2701701,25
CA2701705,150
CA2701731,41
CA2701740,120
CA2701742,150
CA2701789,108
CA2701800,90
CA2701820,54
CA2701822,92
CA2701888,55
CA2701897,50
CA2701898,123
CA2701904,249
CA2701906,54
CA2701918,93
CA2701926,210
CA2701929,621
CA2701935,45
CA2701956,64
CA2701959,54
CA2702003,65
CA2702004,96
CA2702007,164
CA2702026,53
CA2702055,66
CA2702073,93
CA2702094,60
CA2702110,60
CA2702135,46
CA2702140,73
CA2702148,101
CA2702180,56
CA2702198,183
CA2702254,25
CA2702256,60
CA2702268,44
CA2702299,286
CA2702317,100
CA2702320,175
CA2702322,95
CA2702325,133
CA2702328,193
CA2702374,223
CA2702388,60
CA2702405,129
CA2702409,133
CA2702439,57
CA2702466,69
CA2702490,70
CA2702520,70
CA2702521,901
CA2702550,25
CA2702554,116
CA2702588,356
CA2702608,60
CA2702816,161
CA2704520,35
CA2710001,30103
CA2710004,92450
CA2710005,6897
CA2710006,980
CA2710007,8576
CA2710008,18967
CA2710009,16044
CA2710010,113086
CA2710011,17073
CA2710012,5291
CA2710013,2083
CA2710016,2327
CA2710017,36214
CA2710018,2800
CA2710019,3160
CA2710020,6500
CA2710021,1065
CA2710022,1106
CA2710023,1079
CA2710300,585
CA2710702,2753
CA2710850,5500
CA2710851,2930
CA2800035,66
CA2800039,65
CA2800040,66
CA2800516,200
CA2800521,500
CA2800525,67
CA2800526,498
CA2800527,35
CA2800528,90
CA2800530,250
CA2800531,70
CA2800532,25
CA2800543,208
CA2800593,28
CA2800625,860
CA2800840,100
CA2800847,100
CA2800848,100
CA2800970,100
CA2801016,250
CA2801080,44
CA2810001,1498
CA2810002,5610
CA2810003,85005
CA2810004,5386
CA2810005,20990
CA2810007,2751
CA2810008,0
CA2810009,261
CA2810012,1958
CA2810013,669
CA2810014,230
CA2900502,110
CA2900511,90
CA2900523,330
CA2900529,60
CA2900530,268
CA2900531,300
CA2900535,250
CA2900536,160
CA2900541,35
CA2900546,125
CA2900548,100
CA2900562,230
CA2900578,125
CA2900587,50
CA2900593,120
CA2900601,41
CA2901208,60
CA2904011,44
CA2910001,4947
CA2910002,3148
CA2910003,36730
CA2910004,17154
CA2910006,14072
CA2910010,85
CA2910011,376
CA2910013,100
CA2910014,6870
CA2910016,310
CA2910023,9108
CA3000519,139
CA3000585,119
CA3000618,72
CA3000825,825
CA3010001,341245
CA3010002,47589
CA3010003,81998
CA3010004,110000
CA3010008,2000
CA3010010,141874
CA3010017,18401
CA3010018,63118
CA3010022,113106
CA3010023,68572
CA3010027,117150
CA3010030,38958
CA3010035,49808
CA3010036,51545
CA3010037,84054
CA3010038,337716
CA3010041,24937
CA3010042,34724
CA3010046,66600
CA3010047,6986
CA3010053,201000
CA3010062,174226
CA3010064,95256
CA3010068,3222
CA3010069,56747
CA3010071,0
CA3010073,170236
CA3010079,47911
CA3010082,5773
CA3010092,468941
CA3010093,0
CA3010094,13659
CA3010097,1285
CA3010100,15948
CA3010101,164604
CA3010120,0
CA3100011,290
CA3100014,150
CA3100019,52
CA3100029,200
CA3100038,250
CA3100040,200
CA3100041,250
CA3100043,75
CA3100058,350
CA3100061,52
CA3100069,75
CA3100072,200
CA3100083,260
CA3100105,25
CA3100528,84
CA3100538,31
CA3103310,125
CA3103835,499
CA3103836,499
CA3107339,333
CA3107342,50
CA3110001,6321
CA3110003,6700
CA3110004,51252
CA3110005,20169
CA3110006,3114
CA3110008,149859
CA3110009,5250
CA3110010,5661
CA3110011,844
CA3110012,2500
CA3110013,793
CA3110015,2593
CA3110017,813
CA3110018,750
CA3110019,756
CA3110020,1165
CA3110022,853
CA3110023,524
CA3110024,700
CA3110025,69640
CA3110026,6870
CA3110028,15428
CA3110029,2700
CA3110031,425
CA3110034,1800
CA3110035,1500
CA3110036,507
CA3110040,102
CA3110041,1469
CA3110042,3411
CA3110043,300
CA3110044,201
CA3110047,300
CA3110048,726
CA3110049,50
CA3110050,180
CA3110051,4305
CA3110124,34
CA3110150,5900
CA3200078,32
CA3200102,765
CA3200104,1314
CA3200107,215
CA3200114,28
CA3200127,33
CA3200134,200
CA3200138,53
CA3200148,741
CA3200155,25
CA3200188,280
CA3200189,54
CA3200195,38
CA3200215,100
CA3200509,79
CA3200510,258
CA3205001,150
CA3205003,135
CA3205006,102
CA3210001,630
CA3210002,0
CA3210003,2100
CA3210004,4300
CA3210005,737
CA3210006,6000
CA3210007,1394
CA3210009,2145
CA3210010,1874
CA3210011,1534
CA3301011,152
CA3301018,150
CA3301028,80
CA3301031,552
CA3301040,300
CA3301045,35
CA3301055,264
CA3301107,600
CA3301114,210
CA3301115,544
CA3301145,77
CA3301169,237
CA3301171,100
CA3301180,224
CA3301209,60
CA3301226,16
CA3301267,402
CA3301280,500
CA3301283,566
CA3301294,1047
CA3301308,202
CA3301309,666
CA3301330,90
CA3301355,120
CA3301380,340
CA3301381,350
CA3301428,535
CA3301482,180
CA3301491,198
CA3301502,30
CA3301511,104
CA3301512,232
CA3301528,92
CA3301529,250
CA3301534,302
CA3301535,210
CA3301541,150
CA3301577,700
CA3301588,25
CA3301630,393
CA3301676,157
CA3301682,52
CA3301717,135
CA3301775,733
CA3301800,40
CA3301863,195
CA3301877,59
CA3301879,323
CA3301937,42
CA3301943,889
CA3301990,316
CA3303003,50
CA3303035,73
CA3310001,270000
CA3310002,49241
CA3310003,9890
CA3310004,3542
CA3310005,73224
CA3310006,31179
CA3310007,42554
CA3310008,43223
CA3310009,637387
CA3310012,165586
CA3310016,33828
CA3310017,10061
CA3310018,3095
CA3310019,2963
CA3310020,82668
CA3310021,133292
CA3310022,52913
CA3310025,24909
CA3310026,6733
CA3310028,766
CA3310029,7854
CA3310030,1540
CA3310031,300488
CA3310032,18950
CA3310033,5405
CA3310036,16373
CA3310037,168751
CA3310038,144088
CA3310040,900
CA3310044,36827
CA3310046,4026
CA3310047,2271
CA3310048,4600
CA3310049,82560
CA3310051,8948
CA3310052,709
CA3310074,20526
CA3310075,0
CA3310076,186
CA3310078,496
CA3310080,600
CA3310081,384
CA3310082,4500
CA3310083,0
CA3310800,4300
CA3310801,72
CA3310802,6364
CA3400101,271
CA3400103,100
CA3400106,300
CA3400107,210
CA3400121,318
CA3400122,203
CA3400125,45
CA3400128,60
CA3400130,90
CA3400135,55
CA3400137,33
CA3400138,80
CA3400149,250
CA3400155,54
CA3400156,103
CA3400164,200
CA3400169,100
CA3400172,653
CA3400179,700
CA3400181,445
CA3400190,280
CA3400191,262
CA3400192,48
CA3400217,400
CA3400229,2800
CA3400250,185
CA3400251,430
CA3400253,560
CA3400254,350
CA3400267,375
CA3400268,200
CA3400271,465
CA3400273,210
CA3400296,350
CA3400331,65
CA3400335,200
CA3400364,30
CA3400391,1000
CA3400397,28
CA3400401,22
CA3400402,100
CA3400433,40
CA3410001,194444
CA3410002,10035
CA3410003,5654
CA3410004,41193
CA3410005,5874
CA3410006,66815
CA3410007,4520
CA3410008,42556
CA3410009,35377
CA3410010,53757
CA3410011,26536
CA3410012,1587
CA3410013,47546
CA3410014,75728
CA3410015,47060
CA3410016,16861
CA3410017,49150
CA3410018,15404
CA3410020,520746
CA3410021,28971
CA3410022,450
CA3410023,15167
CA3410026,650
CA3410029,176926
CA3410030,3538
CA3410031,35204
CA3410032,4730
CA3410033,7831
CA3410045,3950
CA3410047,650
CA3410704,25988
CA3500006,252
CA3500505,1025
CA3500507,45
CA3500509,350
CA3500510,102
CA3500511,53
CA3500521,300
CA3500527,55
CA3500549,138
CA3500550,160
CA3500552,50
CA3500556,110
CA3500571,3310
CA3500575,50
CA3500576,40
CA3500578,36
CA3500579,90
CA3500581,914
CA3500801,25
CA3500810,38
CA3500823,133
CA3500825,98
CA3500830,84
CA3500836,49
CA3500900,132
CA3500904,150
CA3500905,268
CA3500910,120
CA3500911,69
CA3500912,100
CA3500930,34
CA3510001,23358
CA3510002,2335
CA3510003,23499
CA3510004,2988
CA3510006,550
CA3510007,25
CA3600008,726
CA3600009,1048
CA3600010,170
CA3600012,290
CA3600022,1000
CA3600025,124
CA3600027,260
CA3600031,300
CA3600064,55
CA3600070,662
CA3600071,63
CA3600086,795
CA3600087,845
CA3600088,150
CA3600089,325
CA3600094,227
CA3600107,415
CA3600114,614
CA3600123,112
CA3600139,726
CA3600152,16327
CA3600155,176
CA3600156,275
CA3600157,224
CA3600158,475
CA3600166,315
CA3600180,264
CA3600184,25
CA3600185,175
CA3600187,350
CA3600196,451
CA3600200,812
CA3600209,160
CA3600215,3833
CA3600220,529
CA3600222,477
CA3600226,307
CA3600258,492
CA3600260,530
CA3600262,600
CA3600270,371
CA3600279,118
CA3600283,234
CA3600297,200
CA3600301,381
CA3600306,1036
CA3600345,90
CA3600372,531
CA3600382,31
CA3600383,103
CA3600385,65
CA3600386,70
CA3600388,54
CA3600391,493
CA3600397,290
CA3600399,190
CA3600400,180
CA3600432,706
CA3600446,25
CA3600504,500
CA3600591,25
CA3600785,250
CA3600790,255
CA3601010,184
CA3601015,219
CA3601036,150
CA3601045,150
CA3601048,1070
CA3601057,25
CA3601085,66
CA3601095,493
CA3601179,50
CA3601182,3035
CA3610001,39930
CA3610002,2534
CA3610003,62890
CA3610004,98055
CA3610005,7008
CA3610006,0
CA3610008,12738
CA3610009,3347
CA3610011,2458
CA3610012,84560
CA3610013,24791
CA3610014,46525
CA3610015,10030
CA3610016,450
CA3610018,202248
CA3610019,109608
CA3610021,995
CA3610022,1269
CA3610023,3062
CA3610024,100324
CA3610025,7414
CA3610026,1239
CA3610028,3055
CA3610029,56422
CA3610030,1495
CA3610031,13000
CA3610032,8766
CA3610033,1700
CA3610034,185010
CA3610036,77964
CA3610037,78025
CA3610038,54453
CA3610039,204870
CA3610041,237300
CA3610043,32328
CA3610044,28361
CA3610045,817
CA3610046,499
CA3610047,4124
CA3610048,2400
CA3610049,18795
CA3610050,78376
CA3610051,1992
CA3610052,124653
CA3610053,7521
CA3610055,51900
CA3610057,19503
CA3610060,1118
CA3610062,5268
CA3610063,1689
CA3610064,103840
CA3610073,26032
CA3610075,0
CA3610082,125
CA3610085,3111
CA3610086,78891
CA3610093,2654
CA3610105,2008
CA3610107,6167
CA3610108,579
CA3610109,3954
CA3610110,1856
CA3610112,6050
CA3610114,2320
CA3610117,2009
CA3610118,1049
CA3610120,23585
CA3610121,14863
CA3610125,12721
CA3610129,0
CA3610701,1150
CA3610703,17033
CA3610705,16000
CA3610800,83
CA3610801,65
CA3610850,10667
CA3610851,927
CA3610854,1818
CA3700018,300
CA3700041,300
CA3700071,300
CA3700073,86
CA3700074,525
CA3700117,1000
CA3700118,150
CA3700277,150
CA3700291,100
CA3700422,100
CA3700859,290
CA3700866,330
CA3700897,100
CA3700900,300
CA3700905,760
CA3700906,28
CA3700909,1517
CA3700918,102
CA3700919,250
CA3700922,317
CA3700923,670
CA3700924,360
CA3700933,560
CA3700934,193
CA3700936,200
CA3700937,142
CA3700938,769
CA3700958,238
CA3700962,190
CA3700963,300
CA3700968,350
CA3701005,40
CA3701010,250
CA3701184,353
CA3701341,120
CA3701408,360
CA3701476,219
CA3701747,298
CA3701780,28
CA3701793,200
CA3701837,120
CA3701934,255
CA3701961,200
CA3701982,12045
CA3701988,125
CA3701995,100
CA3702104,828
CA3702236,50
CA3702354,443
CA3702364,160
CA3710001,106000
CA3710002,111000
CA3710004,3929
CA3710005,92865
CA3710006,137941
CA3710008,35237
CA3710009,870
CA3710010,277418
CA3710011,561
CA3710012,899
CA3710013,35500
CA3710014,173048
CA3710015,49779
CA3710016,23536
CA3710018,29206
CA3710019,35135
CA3710020,1374790
CA3710021,40103
CA3710023,21539
CA3710025,189371
CA3710026,29708
CA3710027,132838
CA3710029,86614
CA3710034,227957
CA3710036,3429
CA3710037,88963
CA3710039,2645
CA3710041,1768
CA3710042,0
CA3710044,3316
CA3710045,0
CA3710047,500
CA3710700,15000
CA3710702,45000
CA3710707,670
CA3710750,36500
CA3710800,125
CA3710802,65
CA3810001,600
CA3810003,344
CA3810008,1
CA3810011,834046
CA3810700,3500
CA3810702,3214
CA3900504,264
CA3900505,270
CA3900512,105
CA3900517,60
CA3900523,112
CA3900543,92
CA3900558,172
CA3900559,40
CA3900561,104
CA3900563,178
CA3900568,180
CA3900569,60
CA3900579,50
CA3900586,50
CA3900596,200
CA3900602,200
CA3900606,75
CA3900607,131
CA3900624,160
CA3900637,120
CA3900649,100
CA3900653,150
CA3900661,275
CA3900664,125
CA3900682,100
CA3900701,148
CA3900702,145
CA3900705,55
CA3900714,69
CA3900719,55
CA3900720,238
CA3900721,110
CA3900722,290
CA3900724,234
CA3900732,35
CA3900733,75
CA3900748,100
CA3900751,26
CA3900755,120
CA3900756,100
CA3900757,225
CA3900762,55
CA3900805,300
CA3900813,100
CA3900831,340
CA3900835,70
CA3900837,39
CA3900842,320
CA3900844,75
CA3900846,350
CA3900848,166
CA3900849,100
CA3900850,405
CA3900907,325
CA3900921,30
CA3900927,119
CA3900964,300
CA3900978,83
CA3900983,100
CA3900991,40
CA3900993,210
CA3901014,200
CA3901031,252
CA3901032,120
CA3901074,238
CA3901075,149
CA3901081,130
CA3901085,630
CA3901090,35
CA3901092,310
CA3901107,60
CA3901113,106
CA3901114,236
CA3901159,125
CA3901163,300
CA3901167,200
CA3901169,804
CA3901172,178
CA3901209,950
CA3901213,34
CA3901215,201
CA3901216,320
CA3901217,41
CA3901276,38
CA3901303,231
CA3901304,39
CA3901331,100
CA3901337,426
CA3901348,1172
CA3901373,25
CA3901387,25
CA3901474,39
CA3902136,40
CA3910001,175026
CA3910002,1841
CA3910003,7362
CA3910004,68272
CA3910005,84625
CA3910006,50
CA3910007,15979
CA3910008,2500
CA3910009,964
CA3910010,5990
CA3910011,94538
CA3910012,183046
CA3910014,1086
CA3910015,35080
CA3910017,3802
CA3910018,600
CA3910019,1784
CA3910020,722
CA3910022,1510
CA3910023,1479
CA3910024,851
CA3910027,24040
CA3910701,525
CA3910803,7100
CA4000200,85
CA4000202,132
CA4000203,135
CA4000205,1600
CA4000206,700
CA4000214,81
CA4000222,1630
CA4000226,710
CA4000230,133
CA4000501,105
CA4000506,538
CA4000507,386
CA4000523,591
CA4000554,350
CA4000563,30
CA4000568,462
CA4000631,40
CA4000637,60
CA4000648,84
CA4000649,420
CA4000650,600
CA4000653,250
CA4000654,99
CA4000660,45
CA4000670,486
CA4000675,500
CA4000693,100
CA4000705,80
CA4000716,75
CA4000732,65
CA4000741,70
CA4000744,79
CA4000749,38
CA4000750,55
CA4000765,106
CA4000771,44
CA4000774,100
CA4000775,30
CA4000789,125
CA4000802,238
CA4000803,50
CA4000805,126
CA4000808,65
CA4000815,108
CA4000834,60
CA4000837,35
CA4000839,25
CA4000844,650
CA4010001,17963
CA4010002,30457
CA4010003,1600
CA4010004,12701
CA4010005,7601
CA4010006,2369
CA4010007,31221
CA4010008,8036
CA4010009,47653
CA4010010,2600
CA4010011,15581
CA4010012,2981
CA4010014,5532
CA4010015,1874
CA4010016,7086
CA4010017,5947
CA4010018,4528
CA4010019,8011
CA4010022,0
CA4010023,1464
CA4010024,1291
CA4010025,0
CA4010026,13771
CA4010027,2181
CA4010028,1085
CA4010030,0
CA4010040,2026
CA4010080,0
CA4010081,3862
CA4010830,15000
CA4010832,4100
CA4010901,1200
CA4100503,150
CA4100509,300
CA4100510,56
CA4100512,65
CA4100513,192
CA4100522,68
CA4100529,187
CA4100538,357
CA4100539,66
CA4100540,35
CA4100551,50
CA4100555,140
CA4100582,450
CA4100583,65
CA4110001,28050
CA4110002,3385
CA4110003,31919
CA4110005,1471
CA4110006,60903
CA4110007,35453
CA4110008,102663
CA4110009,63439
CA4110010,6034
CA4110011,18839
CA4110012,832
CA4110013,108599
CA4110016,11387
CA4110017,19297
CA4110018,22795
CA4110019,2789
CA4110020,2900
CA4110021,36556
CA4110022,89037
CA4110023,44745
CA4110024,29519
CA4110025,38546
CA4110027,13486
CA4200505,60
CA4200531,240
CA4200556,150
CA4200560,135
CA4200572,200
CA4200578,160
CA4200579,38
CA4200580,120
CA4200612,150
CA4200616,295
CA4200618,150
CA4200619,304
CA4200633,55
CA4200678,38
CA4200693,186
CA4200702,60
CA4200703,325
CA4200714,43
CA4200721,66
CA4200731,54
CA4200733,70
CA4200747,50
CA4200800,142
CA4200802,102
CA4200804,54
CA4200807,325
CA4200814,35
CA4200822,59
CA4200827,25
CA4200833,589
CA4200837,129
CA4200842,320
CA4200848,75
CA4200851,66
CA4200862,34
CA4200867,40
CA4200870,234
CA4200879,250
CA4200881,211
CA4200885,38
CA4200891,115
CA4200918,845
CA4200924,40
CA4200969,45
CA4210001,15996
CA4210002,1534
CA4210003,8352
CA4210004,84462
CA4210005,550
CA4210006,41079
CA4210007,11881
CA4210009,700
CA4210010,98420
CA4210011,109910
CA4210013,6126
CA4210016,33364
CA4210017,7308
CA4210018,5464
CA4210019,3600
CA4210020,7022
CA4210021,1970
CA4210022,542
CA4210024,4861
CA4210028,0
CA4210030,0
CA4210700,14971
CA4300516,338
CA4300517,346
CA4300520,145
CA4300521,142
CA4300522,156
CA4300525,168
CA4300526,61
CA4300542,634
CA4300543,1173
CA4300545,258
CA4300546,280
CA4300550,79
CA4300551,220
CA4300560,80
CA4300562,148
CA4300563,300
CA4300567,132
CA4300571,53
CA4300573,53
CA4300575,317
CA4300577,103
CA4300578,52
CA4300593,60
CA4300603,104
CA4300605,536
CA4300610,100
CA4300611,250
CA4300615,508
CA4300630,36
CA4300637,58
CA4300638,145
CA4300716,300
CA4300721,560
CA4300740,40
CA4300741,60
CA4300760,68
CA4300770,110
CA4300771,302
CA4300779,127
CA4300792,45
CA4300831,165
CA4300832,46
CA4300834,450
CA4300856,66
CA4300909,284
CA4300912,104
CA4300924,250
CA4300978,70
CA4300979,55
CA4300992,66
CA4300994,500
CA4300996,45
CA4300997,5300
CA4300999,68
CA4301004,43
CA4301013,30
CA4310001,70175
CA4310004,58108
CA4310005,77961
CA4310006,47374
CA4310007,81756
CA4310009,67973
CA4310011,1010207
CA4310012,130746
CA4310013,32235
CA4310014,156234
CA4310018,16336
CA4310019,37991
CA4310020,98198
CA4310021,6822
CA4310022,108902
CA4310027,0
CA4310028,30000
CA4400502,614
CA4400517,43
CA4400526,182
CA4400528,64
CA4400557,118
CA4400558,378
CA4400559,152
CA4400571,350
CA4400572,187
CA4400582,80
CA4400585,50
CA4400595,419
CA4400598,204
CA4400599,182
CA4400604,54
CA4400605,126
CA4400608,385
CA4400611,125
CA4400613,70
CA4400617,479
CA4400618,213
CA4400621,54
CA4400624,87
CA4400625,53
CA4400631,402
CA4400634,32
CA4400642,60
CA4400645,45
CA4400652,60
CA4400660,200
CA4400664,130
CA4400665,42
CA4400667,26
CA4400684,52
CA4400692,54
CA4400723,1310
CA4400750,1925
CA4400751,160
CA4400754,1083
CA4400755,400
CA4400756,200
CA4400757,967
CA4400758,250
CA4400762,235
CA4400763,455
CA4400764,170
CA4400850,54
CA4400875,190
CA4410001,1120
CA4410002,4340
CA4410008,2850
CA4410010,95939
CA4410011,65231
CA4410013,10709
CA4410014,21145
CA4410016,1067
CA4410017,40644
CA4410018,2715
CA4500003,300
CA4500006,160
CA4500007,356
CA4500008,88
CA4500009,92
CA4500012,89
CA4500013,310
CA4500014,264
CA4500015,252
CA4500016,70
CA4500022,211
CA4500023,88
CA4500027,97
CA4500028,218
CA4500041,700
CA4500054,408
CA4500062,85
CA4500063,40
CA4500066,75
CA4500081,250
CA4500082,50
CA4500089,44
CA4500092,87
CA4500093,35
CA4500094,274
CA4500098,70
CA4500101,168
CA4500102,78
CA4500104,37
CA4500106,26
CA4500107,205
CA4500160,450
CA4500161,375
CA4500163,700
CA4500170,95
CA4500173,131
CA4500180,240
CA4500181,35
CA4500183,250
CA4500190,125
CA4500193,340
CA4500194,90
CA4500195,510
CA4500200,120
CA4500203,92
CA4500204,415
CA4500210,475
CA4500214,850
CA4500219,85
CA4500235,187
CA4500246,434
CA4500247,90
CA4500254,112
CA4500255,382
CA4500290,53
CA4500303,95
CA4500313,261
CA4500314,31
CA4500317,277
CA4500322,100
CA4510001,11147
CA4510002,2227
CA4510003,3154
CA4510004,1119
CA4510005,87741
CA4510006,10657
CA4510007,3316
CA4510008,1535
CA4510009,750
CA4510011,4211
CA4510013,1584
CA4510014,18612
CA4510015,944
CA4510016,8900
CA4600009,726
CA4600012,82
CA4600017,324
CA4600018,200
CA4600019,182
CA4600056,250
CA4610001,983
CA4610002,783
CA4700503,70
CA4700513,280
CA4700521,143
CA4700523,289
CA4700528,300
CA4700531,75
CA4700541,55
CA4700542,135
CA4700546,146
CA4700549,240
CA4700551,181
CA4700559,165
CA4700569,100
CA4700577,95
CA4700582,60
CA4700585,40
CA4700591,50
CA4700626,105
CA4700627,130
CA4700630,50
CA4700638,41
CA4700686,55
CA4700803,134
CA4700872,150
CA4700880,539
CA4700884,32
CA4710001,887
CA4710002,1707
CA4710003,675
CA4710004,720
CA4710006,1317
CA4710007,1495
CA4710008,3642
CA4710009,5324
CA4710010,966
CA4710011,7746
CA4710012,1100
CA4710013,2790
CA4800511,25
CA4800531,60
CA4800561,125
CA4800564,80
CA4800589,25
CA4800753,550
CA4810001,27131
CA4810002,10616
CA4810003,119897
CA4810004,10489
CA4810005,29530
CA4810007,126090
CA4810008,97155
CA4810009,11784
CA4810010,535
CA4810011,290
CA4810012,132
CA4810013,1313
CA4810015,3
CA4810021,2800
CA4810024,63
CA4810025,89
CA4810026,56
CA4810701,18111
CA4810800,5100
CA4810801,69
CA4900508,250
CA4900510,90
CA4900512,260
CA4900513,76
CA4900514,96
CA4900521,290
CA4900532,406
CA4900533,59
CA4900536,533
CA4900543,427
CA4900545,300
CA4900546,83
CA4900547,129
CA4900548,300
CA4900549,290
CA4900551,64
CA4900552,93
CA4900553,75
CA4900558,287
CA4900559,126
CA4900560,135
CA4900561,448
CA4900562,422
CA4900563,150
CA4900568,61
CA4900570,300
CA4900573,70
CA4900575,26
CA4900577,358
CA4900578,288
CA4900580,181
CA4900582,34
CA4900584,271
CA4900585,446
CA4900587,112
CA4900588,218
CA4900599,200
CA4900600,460
CA4900603,150
CA4900605,61
CA4900608,66
CA4900611,208
CA4900612,363
CA4900620,82
CA4900630,150
CA4900634,45
CA4900637,150
CA4900639,30
CA4900640,40
CA4900641,100
CA4900644,70
CA4900646,37
CA4900647,435
CA4900653,60
CA4900660,200
CA4900665,84
CA4900667,237
CA4900669,82
CA4900673,50
CA4900674,27
CA4900675,130
CA4900679,100
CA4900680,100
CA4900687,400
CA4900693,591
CA4900694,500
CA4900695,325
CA4900699,400
CA4900703,500
CA4900704,200
CA4900705,200
CA4900707,400
CA4900708,398
CA4900710,400
CA4900711,289
CA4900714,225
CA4900716,228
CA4900719,175
CA4900720,210
CA4900721,342
CA4900723,188
CA4900728,75
CA4900736,40
CA4900739,175
CA4900748,448
CA4900785,81
CA4900787,125
CA4900789,90
CA4900791,225
CA4900793,43
CA4900794,141
CA4900795,196
CA4900796,420
CA4900797,221
CA4900798,250
CA4900799,200
CA4900832,410
CA4900843,151
CA4900846,25
CA4900850,77
CA4900871,691
CA4900892,45
CA4900893,40
CA4900901,80
CA4900905,25
CA4900907,301
CA4900913,66
CA4900943,418
CA4900945,200
CA4900973,148
CA4901062,48
CA4901071,60
CA4901156,460
CA4901168,300
CA4901190,134
CA4901214,50
CA4901215,30
CA4901221,50
CA4901246,110
CA4901290,53
CA4901309,100
CA4901346,50
CA4901355,60
CA4901381,56
CA4901382,42
CA4901436,360
CA4901445,205
CA4910002,10557
CA4910003,1742
CA4910004,6000
CA4910005,10914
CA4910006,61304
CA4910007,1160
CA4910008,4150
CA4910009,175775
CA4910010,1265
CA4910011,7522
CA4910012,11725
CA4910013,23077
CA4910014,42484
CA4910016,7360
CA4910017,25985
CA4910018,483
CA4910019,3291
CA4910020,0
CA4910021,1069
CA4910022,805
CA4910023,7702
CA4910024,1013
CA4910025,1013
CA4910026,757
CA4910027,10986
CA4910028,3000
CA4910029,1171
CA4910701,1422
CA5000005,500
CA5000008,168
CA5000010,195
CA5000013,144
CA5000014,269
CA5000015,150
CA5000016,147
CA5000017,250
CA5000019,610
CA5000033,50
CA5000048,125
CA5000049,64
CA5000054,67
CA5000055,153
CA5000058,120
CA5000060,220
CA5000061,60
CA5000067,40
CA5000071,112
CA5000072,148
CA5000080,90
CA5000082,65
CA5000090,540
CA5000095,339
CA5000099,110
CA5000101,500
CA5000109,450
CA5000132,80
CA5000133,650
CA5000155,100
CA5000218,60
CA5000237,234
CA5000249,390
CA5000255,364
CA5000263,75
CA5000273,110
CA5000274,218
CA5000277,26
CA5000295,105
CA5000297,25
CA5000313,150
CA5000317,287
CA5000335,25
CA5000389,186
CA5000404,90
CA5000408,70
CA5000433,1570
CA5000568,2000
CA5000579,26
CA5000584,860
CA5010005,14537
CA5010006,8788
CA5010007,887
CA5010008,7481
CA5010009,5697
CA5010010,218771
CA5010013,12351
CA5010014,23235
CA5010017,23304
CA5010018,24834
CA5010019,72682
CA5010021,5078
CA5010023,1099
CA5010026,597
CA5010028,48706
CA5010029,1327
CA5010031,175
CA5010033,914
CA5010034,172
CA5010035,119
CA5010038,18
CA5010039,2000
CA5010040,0
CA5010042,1079
CA5010043,50
CA5100107,210
CA5100112,50
CA5100125,25
CA5100136,330
CA5100138,160
CA5100140,185
CA5100141,100
CA5100142,120
CA5100143,177
CA5100149,650
CA5100172,128
CA5101009,350
CA5102025,40
CA5103335,102
CA5110001,9285
CA5110002,75322
CA5110007,2904
CA5200007,75
CA5200008,75
CA5200010,45
CA5200012,468
CA5200013,40
CA5200014,75
CA5200255,112
CA5200500,70
CA5200502,191
CA5200503,634
CA5200504,483
CA5200506,70
CA5200507,325
CA5200508,543
CA5200510,305
CA5200511,100
CA5200512,99
CA5200513,1100
CA5200514,45
CA5200518,32
CA5200519,625
CA5200520,111
CA5200521,175
CA5200525,43
CA5200526,70
CA5200527,50
CA5200531,104
CA5200534,244
CA5200535,80
CA5200538,350
CA5200539,75
CA5200540,196
CA5200541,220
CA5200544,90
CA5200545,85
CA5200546,70
CA5200547,103
CA5200548,85
CA5200551,158
CA5200555,44
CA5200556,140
CA5200558,100
CA5200559,63
CA5200560,145
CA5200562,412
CA5200565,280
CA5200570,163
CA5200571,131
CA5200574,109
CA5200575,36
CA5200584,53
CA5200588,27
CA5200645,90
CA5200657,45
CA5200864,1055
CA5201140,25
CA5201147,102
CA5205007,90
CA5210001,8244
CA5210002,1200
CA5210003,1450
CA5210004,14076
CA5210005,3329
CA5301001,42
CA5301002,701
CA5301008,223
CA5301017,104
CA5301101,131
CA5301102,338
CA5301103,60
CA5301104,99
CA5301201,40
CA5303002,43
CA5304102,332
CA5304105,125
CA5304109,115
CA5304209,80
CA5304501,231
CA5304502,130
CA5305107,100
CA5310001,3308
CA5310002,2324
CA5310003,729
CA5400504,205
CA5400505,163
CA5400506,560
CA5400519,500
CA5400529,95
CA5400536,106
CA5400537,125
CA5400538,192
CA5400542,616
CA5400544,521
CA5400550,691
CA5400553,653
CA5400556,48
CA5400558,79
CA5400567,340
CA5400602,60
CA5400604,103
CA5400616,109
CA5400620,400
CA5400624,500
CA5400631,694
CA5400641,343
CA5400647,95
CA5400655,119
CA5400660,75
CA5400665,1205
CA5400666,320
CA5400670,408
CA5400682,138
CA5400704,180
CA5400709,400
CA5400710,272
CA5400711,117
CA5400713,570
CA5400714,930
CA5400718,165
CA5400728,97
CA5400732,46
CA5400735,115
CA5400744,40
CA5400754,384
CA5400767,46
CA5400769,41
CA5400792,650
CA5400795,255
CA5400805,110
CA5400816,155
CA5400819,44
CA5400824,779
CA5400846,25
CA5400850,105
CA5400875,33
CA5400880,495
CA5400881,109
CA5400882,220
CA5400884,347
CA5400886,250
CA5400903,500
CA5400919,250
CA5400929,400
CA5400934,340
CA5400935,138
CA5400940,290
CA5400964,44
CA5400968,200
CA5400972,125
CA5400994,256
CA5401003,423
CA5401026,70
CA5402008,42
CA5402036,330
CA5402038,550
CA5402047,31
CA5402048,89
CA5403023,454
CA5403043,350
CA5403084,150
CA5403110,37
CA5403113,106
CA5403126,50
CA5403130,295
CA5403131,50
CA5403144,39
CA5403146,818
CA5403212,152
CA5403213,130
CA5403217,300
CA5410001,6200
CA5410002,26913
CA5410003,11169
CA5410004,10397
CA5410006,12659
CA5410007,500
CA5410008,8300
CA5410009,2772
CA5410010,62988
CA5410011,1500
CA5410012,1690
CA5410014,2543
CA5410015,70733
CA5410016,145793
CA5410017,1531
CA5410019,4347
CA5410020,7950
CA5410021,7679
CA5410022,130
CA5410024,1617
CA5410025,1740
CA5410026,2200
CA5410034,941
CA5410036,500
CA5410038,3056
CA5410039,617
CA5410041,716
CA5410048,339
CA5410050,871
CA5410503,2940
CA5410513,2930
CA5410800,129
CA5410801,1281
CA5500040,282
CA5500041,59
CA5500042,468
CA5500048,1041
CA5500053,340
CA5500057,97
CA5500060,445
CA5500064,154
CA5500071,269
CA5500074,361
CA5500077,417
CA5500080,202
CA5500086,231
CA5500092,52
CA5500096,129
CA5500104,316
CA5500115,219
CA5500116,280
CA5500119,59
CA5500120,115
CA5500124,105
CA5500125,210
CA5500128,67
CA5500148,36
CA5500149,89
CA5500171,289
CA5500193,225
CA5500221,28
CA5500242,172
CA5500243,78
CA5500353,34
CA5500363,62
CA5510001,10814
CA5510002,1753
CA5510003,1722
CA5510004,1253
CA5510005,2378
CA5510006,2156
CA5510007,1289
CA5510008,3240
CA5510009,3400
CA5510011,1771
CA5510012,10702
CA5510013,5365
CA5510015,1879
CA5510016,300
CA5510021,90
CA5510023,1123
CA5510024,1154
CA5510025,151
CA5510026,1168
CA5510028,815
CA5510033,336
CA5510503,51
CA5510851,3242
CA5510852,150
CA5601104,238
CA5601105,353
CA5601106,99
CA5601110,134
CA5601116,46
CA5601117,800
CA5601119,323
CA5601120,340
CA5601122,70
CA5601125,65
CA5601134,150
CA5601137,25
CA5601141,58
CA5601144,600
CA5601201,1384
CA5601401,30
CA5601405,39
CA5602101,50
CA5602103,224
CA5602104,211
CA5602108,1335
CA5602109,160
CA5602110,160
CA5602111,972
CA5602115,368
CA5602117,429
CA5602130,100
CA5602132,25
CA5602140,196
CA5602403,600
CA5602406,820
CA5602407,2600
CA5602408,550
CA5603301,665
CA5610001,990
CA5610002,16419
CA5610003,1946
CA5610005,4200
CA5610006,690
CA5610007,200232
CA5610008,5000
CA5610009,21954
CA5610010,1709
CA5610011,30759
CA5610014,6801
CA5610015,1429
CA5610016,19512
CA5610017,113500
CA5610018,36625
CA5610019,46848
CA5610020,53157
CA5610021,2003
CA5610022,6100
CA5610023,94738
CA5610024,11005
CA5610029,1820
CA5610035,983
CA5610039,4861
CA5610040,66809
CA5610043,13898
CA5610046,0
CA5610050,0
CA5610056,1200
CA5610058,2079
CA5610059,44640
CA5610063,32700
CA5610068,455
CA5610069,1759
CA5610080,0
CA5610081,2039
CA5610700,5700
CA5610701,8625
CA5610702,254
CA5700509,460
CA5700510,250
CA5700554,140
CA5700555,44
CA5700571,876
CA5700615,432
CA5700623,46
CA5700643,400
CA5700700,400
CA5700702,200
CA5700707,40
CA5700712,602
CA5700784,304
CA5700788,314
CA5700797,800
CA5710001,67217
CA5710003,53355
CA5710004,944
CA5710005,7115
CA5710006,61032
CA5710007,3714
CA5710009,48828
CA5710011,1115
CA5710012,0
CA5800006,125
CA5800572,100
CA5800803,200
CA5800805,60
CA5800820,200
CA5800821,26
CA5800823,100
CA5800824,50
CA5800827,25
CA5800828,185
CA5800832,200
CA5800840,110
CA5800843,325
CA5800844,155
CA5800845,85
CA5800847,150
CA5800850,60
CA5800851,35
CA5800863,160
CA5800924,180
CA5805001,10464
CA5810001,12266
CA5810002,21654
CA5810003,16595
CA5810004,3712
CA5810005,122
CA5810006,2772
CA5810700,6785
